<?xml version="1.0" encoding="ISO-8859-1"?><adempiereAD Name="01_DD_FreightLineOhneFenster" Version="1" CompVer="all" DataBase="1" Description=" " creator="1" creatorcontact="1" createddate="2019-11-24 18:41:22" updateddate="2019-11-24 18:44:02" PackOutVer="005">
    <table AD_Table_ID="54259" Name="Order Freight Line" ADTableNameID="DD_FreightLine" ADWindowNameID="" POWindowNameID="" ADValRuleNameID="" AccessLevel="3" Description="Order Freight Line" EntityType="EE03" Help="" ImportTable="N" isChangeLog="false" isActive="true" isDeleteable="true" isHighVolume="false" isSecurityEnabled="false" isView="false" LoadSeq="" ReplicationType="L" TableName="DD_FreightLine">
        <element AD_Element_ID="59466" IsActive="true" ColumnName="DD_FreightLine_ID" Description="" EntityType="EE03" Help="" Name="Order Freight Line ID" PrintName="Order Freight Line ID" PO_Description="" PO_Name="" PO_Help="" PO_PrintName="">
            <trl Name="Order Freight Line ID" Description="" Help="" PrintName="Order Freight Line ID" PO_Description="" PO_Help="" PO_Name="" PO_PrintName="" AD_Language="it_IT" IsActive="true" IsTranslated="false" ParentTable="AD_Element"/>
            <trl Name="Order Freight Line ID" Description="" Help="" PrintName="Order Freight Line ID" PO_Description="" PO_Help="" PO_Name="" PO_PrintName="" AD_Language="fr_FR" IsActive="true" IsTranslated="false" ParentTable="AD_Element"/>
            <trl Name="Order Freight Line ID" Description="" Help="" PrintName="Order Freight Line ID" PO_Description="" PO_Help="" PO_Name="" PO_PrintName="" AD_Language="de_DE" IsActive="true" IsTranslated="false" ParentTable="AD_Element"/>
            <trl Name="Order Freight Line ID" Description="" Help="" PrintName="Order Freight Line ID" PO_Description="" PO_Help="" PO_Name="" PO_PrintName="" AD_Language="es_MX" IsActive="true" IsTranslated="false" ParentTable="AD_Element"/>
        </element>
        <reference AD_Reference_ID="13" name="ID" Description="10 Digit Identifier" EntityType="D" Help="" Name="ID" isActive="true" VFormat="" ValidationType="D"/>
        <column AD_Column_ID="83749" ADColumnNameID="DD_FreightLine_ID" ADProcessNameID="" ADElementNameID="DD_FreightLine_ID" ADReferenceNameID="ID" ADReferenceNameValueID="" ADTableNameID="DD_FreightLine" ADValRuleNameID="" Callout="" ColumnSQL="" ColumnName="DD_FreightLine_ID" DefaultValue="" Description="" EntityType="EE03" FieldLength="22" Help="" isAlwaysUpdateable="false" isIdentifier="false" isKey="true" isMandatory="true" isParent="false" isSelectionColumn="false" isActive="true" isTranslated="false" isUpdateable="false" Name="Order Freight Line ID" getIsSyncDatabase="Y" ReadOnlyLogic="" SeqNo="0" VFormat="" ValueMax="" ValueMin="" Version="1" InfoFactoryClass=""/>
        <element AD_Element_ID="102" IsActive="true" ColumnName="AD_Client_ID" Description="Client/Tenant for this installation." EntityType="D" Help="A Client is a company or a legal entity. You cannot share data between Clients. Tenant is a synonym for Client." Name="Client" PrintName="Client" PO_Description="" PO_Name="" PO_Help="" PO_PrintName="">
            <trl Name="Compañía" Description="Cliente para esta instalación" Help="Compañía ó entidad legal" PrintName="Compañía" PO_Description="" PO_Help="" PO_Name="" PO_PrintName="" AD_Language="es_MX" IsActive="true" IsTranslated="false" ParentTable="AD_Element"/>
            <trl Name="Azienda (Client)" Description="Client per questa installazione" Help="Un Client è una Azienda o un'entità legale.  Due Client non possono condividere gli stessi dati." PrintName="Azienda (Client)" PO_Description="" PO_Help="" PO_Name="" PO_PrintName="" AD_Language="it_IT" IsActive="true" IsTranslated="false" ParentTable="AD_Element"/>
            <trl Name="Client" Description="" Help="" PrintName="Client" PO_Description="" PO_Help="" PO_Name="" PO_PrintName="" AD_Language="fr_FR" IsActive="true" IsTranslated="false" ParentTable="AD_Element"/>
            <trl Name="Client" Description="" Help="" PrintName="Client" PO_Description="" PO_Help="" PO_Name="" PO_PrintName="" AD_Language="de_DE" IsActive="true" IsTranslated="false" ParentTable="AD_Element"/>
        </element>
        <reference AD_Reference_ID="19" name="Table Direct" Description="Direct Table Access" EntityType="D" Help="" Name="Table Direct" isActive="true" VFormat="" ValidationType="D"/>
        <dynvalrule AD_Val_Rule_ID="129" Name="AD_Client Trx Security validation" Code="AD_Client.AD_Client_ID &lt;&gt; 0" Description="" EntityType="NECTOSOFT" Type="S" isActive="true"/>
        <column AD_Column_ID="83742" ADColumnNameID="AD_Client_ID" ADProcessNameID="" ADElementNameID="AD_Client_ID" ADReferenceNameID="Table Direct" ADReferenceNameValueID="" ADTableNameID="DD_FreightLine" ADValRuleNameID="AD_Client Trx Security validation" Callout="" ColumnSQL="" ColumnName="AD_Client_ID" DefaultValue="@#AD_Client_ID@" Description="Client/Tenant for this installation." EntityType="EE03" FieldLength="22" Help="A Client is a company or a legal entity. You cannot share data between Clients. Tenant is a synonym for Client." isAlwaysUpdateable="false" isIdentifier="false" isKey="false" isMandatory="true" isParent="false" isSelectionColumn="false" isActive="true" isTranslated="false" isUpdateable="true" Name="Client" getIsSyncDatabase="Y" ReadOnlyLogic="" SeqNo="0" VFormat="" ValueMax="" ValueMin="" Version="1" InfoFactoryClass=""/>
        <element AD_Element_ID="113" IsActive="true" ColumnName="AD_Org_ID" Description="Organizational entity within client" EntityType="D" Help="An organization is a unit of your client or legal entity - examples are store, department. You can share data between organizations." Name="Organization" PrintName="Organization" PO_Description="" PO_Name="" PO_Help="" PO_PrintName="">
            <trl Name="Organización" Description="Entidad organizacional dentro de la compañía" Help="Una organización es una unidad de la compañía ó entidad legal - Ej. Tiendas y departamentos." PrintName="Organización" PO_Description="" PO_Help="" PO_Name="" PO_PrintName="" AD_Language="es_MX" IsActive="true" IsTranslated="false" ParentTable="AD_Element"/>
            <trl Name="Organizzazione" Description="Entità organizzativa all'interno dell'Azienda" Help="Una Organizzazione rappresenta un settore dell'Azienda o entità legale - esempi sono un negozio o dipartimento. E' possibile condividere dati tra le diverse Organizzazioni." PrintName="Organizzazione" PO_Description="" PO_Help="" PO_Name="" PO_PrintName="" AD_Language="it_IT" IsActive="true" IsTranslated="false" ParentTable="AD_Element"/>
            <trl Name="Organization" Description="" Help="" PrintName="Organization" PO_Description="" PO_Help="" PO_Name="" PO_PrintName="" AD_Language="fr_FR" IsActive="true" IsTranslated="false" ParentTable="AD_Element"/>
            <trl Name="Organization" Description="" Help="" PrintName="Organization" PO_Description="" PO_Help="" PO_Name="" PO_PrintName="" AD_Language="de_DE" IsActive="true" IsTranslated="false" ParentTable="AD_Element"/>
        </element>
        <dynvalrule AD_Val_Rule_ID="104" Name="AD_Org Security validation" Code="(AD_Org.IsSummary='N' OR AD_Org.AD_Org_ID=0)" Description="Not Summary - 0 - Organizations of the Client with user acces rights" EntityType="NECTOSOFT" Type="S" isActive="true"/>
        <column AD_Column_ID="83743" ADColumnNameID="AD_Org_ID" ADProcessNameID="" ADElementNameID="AD_Org_ID" ADReferenceNameID="Table Direct" ADReferenceNameValueID="" ADTableNameID="DD_FreightLine" ADValRuleNameID="AD_Org Security validation" Callout="" ColumnSQL="" ColumnName="AD_Org_ID" DefaultValue="@#AD_Org_ID@" Description="Organizational entity within client" EntityType="EE03" FieldLength="22" Help="An organization is a unit of your client or legal entity - examples are store, department. You can share data between organizations." isAlwaysUpdateable="false" isIdentifier="false" isKey="false" isMandatory="true" isParent="false" isSelectionColumn="false" isActive="true" isTranslated="false" isUpdateable="true" Name="Organization" getIsSyncDatabase="Y" ReadOnlyLogic="" SeqNo="0" VFormat="" ValueMax="" ValueMin="" Version="1" InfoFactoryClass=""/>
        <element AD_Element_ID="348" IsActive="true" ColumnName="IsActive" Description="The record is active in the system" EntityType="D" Help="There are two methods of making records unavailable in the system: One is to delete the record, the other is to de-activate the record. A de-activated record is not available for selection, but available for reports.&#10;There are two reasons for de-activating and not deleting records:&#10;(1) The system requires the record for audit purposes.&#10;(2) The record is referenced by other records. E.g., you cannot delete a Business Partner, if there are invoices for this partner record existing. You de-activate the Business Partner and prevent that this record is used for future entries." Name="Active" PrintName="Active" PO_Description="" PO_Name="" PO_Help="" PO_PrintName="">
            <trl Name="Activo" Description="El registro está activo en el sistema" Help="Hay dos métodos para que los registros no estén disponibles en el sistema: Uno es eliminar el registro; el otro es desactivarlo. Un registro desactivado no está disponible para selección; pero está disponible para Informes" PrintName="Activo" PO_Description="" PO_Help="" PO_Name="" PO_PrintName="" AD_Language="es_MX" IsActive="true" IsTranslated="false" ParentTable="AD_Element"/>
            <trl Name="Attivo" Description="Il record (dato, anagrafica) è attivo nel sistema" Help="Ci sono due metodi per rendere un record indisponibile al sistema: Uno è la cancellazione, l'altra e la disattivazione. Un record disattivato non è disponibile per la selezione ma ne viene comunque tenuto conto nei report. Ci sono due ragioni per disattivare un record invece di cancellarlo: (1) sel il sistema richiede la conservazione del dato per ragioni di verifica. (2) se il dato è citato all'interno di altri record per ragioni di integrità referenziale. Ad esempio non si può eliminare un Business Partner se esistono Ordini o Fatture riferite ad esso. Disattivandolo si ottiene che esso non potrà più essere utilizzato nei documenti futuri." PrintName="Attivo" PO_Description="" PO_Help="" PO_Name="" PO_PrintName="" AD_Language="it_IT" IsActive="true" IsTranslated="false" ParentTable="AD_Element"/>
            <trl Name="Active" Description="" Help="" PrintName="Active" PO_Description="" PO_Help="" PO_Name="" PO_PrintName="" AD_Language="fr_FR" IsActive="true" IsTranslated="false" ParentTable="AD_Element"/>
            <trl Name="Active" Description="" Help="" PrintName="Active" PO_Description="" PO_Help="" PO_Name="" PO_PrintName="" AD_Language="de_DE" IsActive="true" IsTranslated="false" ParentTable="AD_Element"/>
        </element>
        <reference AD_Reference_ID="20" name="Yes-No" Description="CheckBox" EntityType="D" Help="" Name="Yes-No" isActive="true" VFormat="" ValidationType="D"/>
        <column AD_Column_ID="83744" ADColumnNameID="IsActive" ADProcessNameID="" ADElementNameID="IsActive" ADReferenceNameID="Yes-No" ADReferenceNameValueID="" ADTableNameID="DD_FreightLine" ADValRuleNameID="" Callout="" ColumnSQL="" ColumnName="IsActive" DefaultValue="Y" Description="The record is active in the system" EntityType="EE03" FieldLength="1" Help="There are two methods of making records unavailable in the system: One is to delete the record, the other is to de-activate the record. A de-activated record is not available for selection, but available for reports.There are two reasons for de-activating and not deleting records:(1) The system requires the record for audit purposes.(2) The record is referenced by other records. E.g., you cannot delete a Business Partner, if there are invoices for this partner record existing. You de-activate the Business Partner and prevent that this record is used for future entries." isAlwaysUpdateable="false" isIdentifier="false" isKey="false" isMandatory="true" isParent="false" isSelectionColumn="false" isActive="true" isTranslated="false" isUpdateable="true" Name="Active" getIsSyncDatabase="Y" ReadOnlyLogic="" SeqNo="0" VFormat="" ValueMax="" ValueMin="" Version="1" InfoFactoryClass=""/>
        <element AD_Element_ID="245" IsActive="true" ColumnName="Created" Description="Date this record was created" EntityType="D" Help="The Created field indicates the date that this record was created." Name="Created" PrintName="Created" PO_Description="" PO_Name="" PO_Help="" PO_PrintName="">
            <trl Name="Creado" Description="Fecha de creación de este registro" Help="El campo creado indica la fecha en que este registro fue creado" PrintName="Creado" PO_Description="" PO_Help="" PO_Name="" PO_PrintName="" AD_Language="es_MX" IsActive="true" IsTranslated="false" ParentTable="AD_Element"/>
            <trl Name="Creato" Description="Data in cui questo Record è stato creato" Help="Il campo Creato indica la data in cui questo Record è stato creato." PrintName="Creato" PO_Description="" PO_Help="" PO_Name="" PO_PrintName="" AD_Language="it_IT" IsActive="true" IsTranslated="false" ParentTable="AD_Element"/>
            <trl Name="Created" Description="" Help="" PrintName="Created" PO_Description="" PO_Help="" PO_Name="" PO_PrintName="" AD_Language="fr_FR" IsActive="true" IsTranslated="false" ParentTable="AD_Element"/>
            <trl Name="Created" Description="" Help="" PrintName="Created" PO_Description="" PO_Help="" PO_Name="" PO_PrintName="" AD_Language="de_DE" IsActive="true" IsTranslated="false" ParentTable="AD_Element"/>
        </element>
        <reference AD_Reference_ID="16" name="Date+Time" Description="Date with time" EntityType="D" Help="" Name="Date+Time" isActive="true" VFormat="" ValidationType="D"/>
        <column AD_Column_ID="83745" ADColumnNameID="Created" ADProcessNameID="" ADElementNameID="Created" ADReferenceNameID="Date+Time" ADReferenceNameValueID="" ADTableNameID="DD_FreightLine" ADValRuleNameID="" Callout="" ColumnSQL="" ColumnName="Created" DefaultValue="" Description="Date this record was created" EntityType="EE03" FieldLength="7" Help="The Created field indicates the date that this record was created." isAlwaysUpdateable="false" isIdentifier="false" isKey="false" isMandatory="true" isParent="false" isSelectionColumn="false" isActive="true" isTranslated="false" isUpdateable="true" Name="Created" getIsSyncDatabase="Y" ReadOnlyLogic="" SeqNo="0" VFormat="" ValueMax="" ValueMin="" Version="1" InfoFactoryClass=""/>
        <element AD_Element_ID="607" IsActive="true" ColumnName="Updated" Description="Date this record was updated" EntityType="D" Help="The Updated field indicates the date that this record was updated." Name="Updated" PrintName="Updated" PO_Description="" PO_Name="" PO_Help="" PO_PrintName="">
            <trl Name="Actualizado" Description="Permite ver si algún registro en especifico esta actualizado" Help="Permite ver si algún registro en especifico esta actualizado" PrintName="Actualizado" PO_Description="" PO_Help="" PO_Name="" PO_PrintName="" AD_Language="es_MX" IsActive="true" IsTranslated="false" ParentTable="AD_Element"/>
            <trl Name="Modificato" Description="Data di aggiornamento di questo Record" Help="Il campo Modificato indica la data nel quale il Record è stato aggiornato l'ultima volta." PrintName="Modificato" PO_Description="" PO_Help="" PO_Name="" PO_PrintName="" AD_Language="it_IT" IsActive="true" IsTranslated="false" ParentTable="AD_Element"/>
            <trl Name="Updated" Description="" Help="" PrintName="Updated" PO_Description="" PO_Help="" PO_Name="" PO_PrintName="" AD_Language="fr_FR" IsActive="true" IsTranslated="false" ParentTable="AD_Element"/>
            <trl Name="Updated" Description="" Help="" PrintName="Updated" PO_Description="" PO_Help="" PO_Name="" PO_PrintName="" AD_Language="de_DE" IsActive="true" IsTranslated="false" ParentTable="AD_Element"/>
        </element>
        <column AD_Column_ID="83746" ADColumnNameID="Updated" ADProcessNameID="" ADElementNameID="Updated" ADReferenceNameID="Date+Time" ADReferenceNameValueID="" ADTableNameID="DD_FreightLine" ADValRuleNameID="" Callout="" ColumnSQL="" ColumnName="Updated" DefaultValue="" Description="Date this record was updated" EntityType="EE03" FieldLength="7" Help="The Updated field indicates the date that this record was updated." isAlwaysUpdateable="false" isIdentifier="false" isKey="false" isMandatory="true" isParent="false" isSelectionColumn="false" isActive="true" isTranslated="false" isUpdateable="true" Name="Updated" getIsSyncDatabase="Y" ReadOnlyLogic="" SeqNo="0" VFormat="" ValueMax="" ValueMin="" Version="1" InfoFactoryClass=""/>
        <element AD_Element_ID="246" IsActive="true" ColumnName="CreatedBy" Description="User who created this records" EntityType="D" Help="The Created By field indicates the user who created this record." Name="Created By" PrintName="Created By" PO_Description="" PO_Name="" PO_Help="" PO_PrintName="">
            <trl Name="Creado Por" Description="Usuario que creó este registro" Help="El campo creado por indica el usuario que creó este registro" PrintName="Creado Por" PO_Description="" PO_Help="" PO_Name="" PO_PrintName="" AD_Language="es_MX" IsActive="true" IsTranslated="false" ParentTable="AD_Element"/>
            <trl Name="Creato Da" Description="Utente che ha creato il record" Help="Il campo Creato Da  indica l'utente che ha creato il record." PrintName="Creato Da" PO_Description="" PO_Help="" PO_Name="" PO_PrintName="" AD_Language="it_IT" IsActive="true" IsTranslated="false" ParentTable="AD_Element"/>
            <trl Name="Created By" Description="" Help="" PrintName="Created By" PO_Description="" PO_Help="" PO_Name="" PO_PrintName="" AD_Language="fr_FR" IsActive="true" IsTranslated="false" ParentTable="AD_Element"/>
            <trl Name="Created By" Description="" Help="" PrintName="Created By" PO_Description="" PO_Help="" PO_Name="" PO_PrintName="" AD_Language="de_DE" IsActive="true" IsTranslated="false" ParentTable="AD_Element"/>
        </element>
        <reference AD_Reference_ID="18" name="Table" Description="Table List" EntityType="D" Help="" Name="Table" isActive="true" VFormat="" ValidationType="D"/>
        <reference AD_Reference_ID="110" name="AD_User" Description="User selection" EntityType="D" Help="" Name="AD_User" isActive="true" VFormat="" ValidationType="T">
            <referencetable AD_Reference_ID="110" ADRefenceNameID="AD_User" ADTableNameID="AD_User" ADDisplay="Name" Key="AD_User_ID" EntityType="D" IsValueDisplayed="N" OrderByClause="AD_User.Name" isActive="Y" WhereClause=""/>
        </reference>
        <column AD_Column_ID="83747" ADColumnNameID="CreatedBy" ADProcessNameID="" ADElementNameID="CreatedBy" ADReferenceNameID="Table" ADReferenceNameValueID="AD_User" ADTableNameID="DD_FreightLine" ADValRuleNameID="" Callout="" ColumnSQL="" ColumnName="CreatedBy" DefaultValue="" Description="User who created this records" EntityType="EE03" FieldLength="22" Help="The Created By field indicates the user who created this record." isAlwaysUpdateable="false" isIdentifier="false" isKey="false" isMandatory="true" isParent="false" isSelectionColumn="false" isActive="true" isTranslated="false" isUpdateable="true" Name="Created By" getIsSyncDatabase="Y" ReadOnlyLogic="" SeqNo="0" VFormat="" ValueMax="" ValueMin="" Version="1" InfoFactoryClass=""/>
        <element AD_Element_ID="608" IsActive="true" ColumnName="UpdatedBy" Description="User who updated this records" EntityType="D" Help="The Updated By field indicates the user who updated this record." Name="Updated By" PrintName="Updated By" PO_Description="" PO_Name="" PO_Help="" PO_PrintName="">
            <trl Name="Actualizado por" Description="" Help="" PrintName="Actualizado por" PO_Description="" PO_Help="" PO_Name="" PO_PrintName="" AD_Language="es_MX" IsActive="true" IsTranslated="false" ParentTable="AD_Element"/>
            <trl Name="Aggiornato Da" Description="L'Utente che ha aggiornato il Record" Help="Il campo identifica l'Utente che ha aggiornato il Record." PrintName="Aggiornato Da" PO_Description="" PO_Help="" PO_Name="" PO_PrintName="" AD_Language="it_IT" IsActive="true" IsTranslated="false" ParentTable="AD_Element"/>
            <trl Name="Updated By" Description="" Help="" PrintName="Updated By" PO_Description="" PO_Help="" PO_Name="" PO_PrintName="" AD_Language="fr_FR" IsActive="true" IsTranslated="false" ParentTable="AD_Element"/>
            <trl Name="Updated By" Description="" Help="" PrintName="Updated By" PO_Description="" PO_Help="" PO_Name="" PO_PrintName="" AD_Language="de_DE" IsActive="true" IsTranslated="false" ParentTable="AD_Element"/>
        </element>
        <column AD_Column_ID="83748" ADColumnNameID="UpdatedBy" ADProcessNameID="" ADElementNameID="UpdatedBy" ADReferenceNameID="Table" ADReferenceNameValueID="AD_User" ADTableNameID="DD_FreightLine" ADValRuleNameID="" Callout="" ColumnSQL="" ColumnName="UpdatedBy" DefaultValue="" Description="User who updated this records" EntityType="EE03" FieldLength="22" Help="The Updated By field indicates the user who updated this record." isAlwaysUpdateable="false" isIdentifier="false" isKey="false" isMandatory="true" isParent="false" isSelectionColumn="false" isActive="true" isTranslated="false" isUpdateable="true" Name="Updated By" getIsSyncDatabase="Y" ReadOnlyLogic="" SeqNo="0" VFormat="" ValueMax="" ValueMin="" Version="1" InfoFactoryClass=""/>
        <element AD_Element_ID="439" IsActive="true" ColumnName="Line" Description="Unique line for this document" EntityType="D" Help="Indicates the unique line for a document.  It will also control the display order of the lines within a document." Name="Line No" PrintName="Line No" PO_Description="" PO_Name="" PO_Help="" PO_PrintName="">
            <trl Name="No. Línea" Description="No. Línea único para este documento" Help="Indica el No. Línea para un documento. También controlará el orden de despliegue de las líneas dentro de un documento" PrintName="No. Línea" PO_Description="" PO_Help="" PO_Name="" PO_PrintName="" AD_Language="es_MX" IsActive="true" IsTranslated="false" ParentTable="AD_Element"/>
            <trl Name="N. Linea" Description="Numero di Linea univoco per il Documento" Help="Indica il numero di linea univoco all'interno di un Documento. Controlla anche l'ordinamento nella visualizzazione delle righe." PrintName="N. Linea" PO_Description="" PO_Help="" PO_Name="" PO_PrintName="" AD_Language="it_IT" IsActive="true" IsTranslated="false" ParentTable="AD_Element"/>
            <trl Name="Line No" Description="" Help="" PrintName="Line No" PO_Description="" PO_Help="" PO_Name="" PO_PrintName="" AD_Language="fr_FR" IsActive="true" IsTranslated="false" ParentTable="AD_Element"/>
            <trl Name="Line No" Description="" Help="" PrintName="Line No" PO_Description="" PO_Help="" PO_Name="" PO_PrintName="" AD_Language="de_DE" IsActive="true" IsTranslated="false" ParentTable="AD_Element"/>
        </element>
        <reference AD_Reference_ID="11" name="Integer" Description="10 Digit numeric" EntityType="D" Help="" Name="Integer" isActive="true" VFormat="" ValidationType="D"/>
        <column AD_Column_ID="83750" ADColumnNameID="Line" ADProcessNameID="" ADElementNameID="Line" ADReferenceNameID="Integer" ADReferenceNameValueID="" ADTableNameID="DD_FreightLine" ADValRuleNameID="" Callout="" ColumnSQL="" ColumnName="Line" DefaultValue="" Description="Unique line for this document" EntityType="EE03" FieldLength="22" Help="Indicates the unique line for a document.  It will also control the display order of the lines within a document." isAlwaysUpdateable="false" isIdentifier="false" isKey="false" isMandatory="true" isParent="false" isSelectionColumn="false" isActive="true" isTranslated="false" isUpdateable="true" Name="Line No" getIsSyncDatabase="Y" ReadOnlyLogic="" SeqNo="0" VFormat="" ValueMax="" ValueMin="" Version="0" InfoFactoryClass=""/>
        <element AD_Element_ID="2111" IsActive="true" ColumnName="M_FreightCategory_ID" Description="Category of the Freight" EntityType="D" Help="Freight Categories are used to calculate the Freight for the Shipper selected" Name="Freight Category" PrintName="Freight Category" PO_Description="" PO_Name="" PO_Help="" PO_PrintName="">
            <trl Name="Categoría de Fletes" Description="Categoría de Fletes" Help="Las categorías de fletes se utilizan para calcular los fletes del expedidor seleccionado" PrintName="Categoría de Fletes" PO_Description="" PO_Help="" PO_Name="" PO_PrintName="" AD_Language="es_MX" IsActive="true" IsTranslated="false" ParentTable="AD_Element"/>
            <trl Name="Categoria Trasporto" Description="Categoria del Trasporto" Help="Le Categorie di Trasporto sono usate per calcolare il costo di Trasporto per lo Spedizioniere selezionato" PrintName="Categoria Trasporto" PO_Description="" PO_Help="" PO_Name="" PO_PrintName="" AD_Language="it_IT" IsActive="true" IsTranslated="false" ParentTable="AD_Element"/>
            <trl Name="Freight Category" Description="" Help="" PrintName="Freight Category" PO_Description="" PO_Help="" PO_Name="" PO_PrintName="" AD_Language="fr_FR" IsActive="true" IsTranslated="false" ParentTable="AD_Element"/>
            <trl Name="Freight Category" Description="" Help="" PrintName="Freight Category" PO_Description="" PO_Help="" PO_Name="" PO_PrintName="" AD_Language="de_DE" IsActive="true" IsTranslated="false" ParentTable="AD_Element"/>
        </element>
        <column AD_Column_ID="83751" ADColumnNameID="M_FreightCategory_ID" ADProcessNameID="" ADElementNameID="M_FreightCategory_ID" ADReferenceNameID="Table Direct" ADReferenceNameValueID="" ADTableNameID="DD_FreightLine" ADValRuleNameID="" Callout="" ColumnSQL="" ColumnName="M_FreightCategory_ID" DefaultValue="" Description="Category of the Freight" EntityType="EE03" FieldLength="22" Help="Freight Categories are used to calculate the Freight for the Shipper selected" isAlwaysUpdateable="false" isIdentifier="false" isKey="false" isMandatory="false" isParent="false" isSelectionColumn="false" isActive="true" isTranslated="false" isUpdateable="true" Name="Freight Category" getIsSyncDatabase="Y" ReadOnlyLogic="" SeqNo="0" VFormat="" ValueMax="" ValueMin="" Version="0" InfoFactoryClass=""/>
        <element AD_Element_ID="306" IsActive="true" ColumnName="FreightAmt" Description="Freight Amount " EntityType="D" Help="The Freight Amount indicates the amount charged for Freight in the document currency." Name="Freight Amount" PrintName="Freight Amt" PO_Description="" PO_Name="" PO_Help="" PO_PrintName="">
            <trl Name="Total de Flete" Description="Total de la entrega" Help="El Total del Flete indica el total cargado por flete en la moneda del documento" PrintName="Total de Flete" PO_Description="" PO_Help="" PO_Name="" PO_PrintName="" AD_Language="es_MX" IsActive="true" IsTranslated="true" ParentTable="AD_Element"/>
            <trl Name="Spese di Trasporto" Description="Spese di Trasporto" Help="I'Importo Spesse di Trasporto indica l'importo del costo del trasporto nella valuta del documento." PrintName="Spese di Trasporto" PO_Description="" PO_Help="" PO_Name="" PO_PrintName="" AD_Language="it_IT" IsActive="true" IsTranslated="true" ParentTable="AD_Element"/>
            <trl Name="Freight Amount" Description="" Help="" PrintName="Freight Amt" PO_Description="" PO_Help="" PO_Name="" PO_PrintName="" AD_Language="fr_FR" IsActive="true" IsTranslated="false" ParentTable="AD_Element"/>
            <trl Name="Freight Amount" Description="" Help="" PrintName="Freight Amt" PO_Description="" PO_Help="" PO_Name="" PO_PrintName="" AD_Language="de_DE" IsActive="true" IsTranslated="false" ParentTable="AD_Element"/>
        </element>
        <reference AD_Reference_ID="12" name="Amount" Description="Number with 4 decimals" EntityType="D" Help="" Name="Amount" isActive="true" VFormat="" ValidationType="D"/>
        <column AD_Column_ID="83752" ADColumnNameID="FreightAmt" ADProcessNameID="" ADElementNameID="FreightAmt" ADReferenceNameID="Amount" ADReferenceNameValueID="" ADTableNameID="DD_FreightLine" ADValRuleNameID="" Callout="" ColumnSQL="" ColumnName="FreightAmt" DefaultValue="" Description="Freight Amount " EntityType="EE03" FieldLength="22" Help="The Freight Amount indicates the amount charged for Freight in the document currency." isAlwaysUpdateable="false" isIdentifier="false" isKey="false" isMandatory="true" isParent="false" isSelectionColumn="false" isActive="true" isTranslated="false" isUpdateable="true" Name="Freight Amount" getIsSyncDatabase="Y" ReadOnlyLogic="" SeqNo="0" VFormat="" ValueMax="" ValueMin="" Version="0" InfoFactoryClass=""/>
        <element AD_Element_ID="629" IsActive="true" ColumnName="Weight" Description="Weight of a product" EntityType="D" Help="The Weight indicates the weight  of the product in the Weight UOM of the Client" Name="Weight" PrintName="Weight" PO_Description="" PO_Name="" PO_Help="" PO_PrintName="">
            <trl Name="Peso" Description="Peso del producto" Help="El peso indica el peso del producto en la UM de peso del cliente." PrintName="Peso" PO_Description="" PO_Help="" PO_Name="" PO_PrintName="" AD_Language="es_MX" IsActive="true" IsTranslated="true" ParentTable="AD_Element"/>
            <trl Name="Peso Netto" Description="Peso del Prodotto" Help="Il Peso del Prodotto espresso nell'Unità di Misura del Peso del Client." PrintName="Peso Netto" PO_Description="" PO_Help="" PO_Name="" PO_PrintName="" AD_Language="it_IT" IsActive="true" IsTranslated="true" ParentTable="AD_Element"/>
            <trl Name="Weight" Description="" Help="" PrintName="Weight" PO_Description="" PO_Help="" PO_Name="" PO_PrintName="" AD_Language="fr_FR" IsActive="true" IsTranslated="false" ParentTable="AD_Element"/>
            <trl Name="Weight" Description="" Help="" PrintName="Weight" PO_Description="" PO_Help="" PO_Name="" PO_PrintName="" AD_Language="de_DE" IsActive="true" IsTranslated="false" ParentTable="AD_Element"/>
        </element>
        <column AD_Column_ID="83753" ADColumnNameID="Weight" ADProcessNameID="" ADElementNameID="Weight" ADReferenceNameID="Amount" ADReferenceNameValueID="" ADTableNameID="DD_FreightLine" ADValRuleNameID="" Callout="" ColumnSQL="" ColumnName="Weight" DefaultValue="" Description="Weight of a product" EntityType="EE03" FieldLength="22" Help="The Weight indicates the weight  of the product in the Weight UOM of the Client" isAlwaysUpdateable="false" isIdentifier="false" isKey="false" isMandatory="false" isParent="false" isSelectionColumn="false" isActive="true" isTranslated="false" isUpdateable="true" Name="Weight" getIsSyncDatabase="Y" ReadOnlyLogic="" SeqNo="0" VFormat="" ValueMax="" ValueMin="" Version="0" InfoFactoryClass=""/>
        <element AD_Element_ID="627" IsActive="true" ColumnName="Volume" Description="Volume of a product" EntityType="D" Help="The Volume indicates the volume of the product in the Volume UOM of the Client" Name="Volume" PrintName="Volume" PO_Description="" PO_Name="" PO_Help="" PO_PrintName="">
            <trl Name="Volúmen" Description="Volúmen del producto" Help="El Volumen indica el volumen del producto en la UM de volúmen del cliente" PrintName="Volúmen" PO_Description="" PO_Help="" PO_Name="" PO_PrintName="" AD_Language="es_MX" IsActive="true" IsTranslated="true" ParentTable="AD_Element"/>
            <trl Name="Volume" Description="Volume del Prodotto" Help="Il Volume del Prodotto espresso nell'Unità di Misura del Volume del Client." PrintName="Volume" PO_Description="" PO_Help="" PO_Name="" PO_PrintName="" AD_Language="it_IT" IsActive="true" IsTranslated="true" ParentTable="AD_Element"/>
            <trl Name="Volume" Description="" Help="" PrintName="Volume" PO_Description="" PO_Help="" PO_Name="" PO_PrintName="" AD_Language="fr_FR" IsActive="true" IsTranslated="false" ParentTable="AD_Element"/>
            <trl Name="Volume" Description="" Help="" PrintName="Volume" PO_Description="" PO_Help="" PO_Name="" PO_PrintName="" AD_Language="de_DE" IsActive="true" IsTranslated="false" ParentTable="AD_Element"/>
        </element>
        <column AD_Column_ID="83754" ADColumnNameID="Volume" ADProcessNameID="" ADElementNameID="Volume" ADReferenceNameID="Amount" ADReferenceNameValueID="" ADTableNameID="DD_FreightLine" ADValRuleNameID="" Callout="" ColumnSQL="" ColumnName="Volume" DefaultValue="" Description="Volume of a product" EntityType="EE03" FieldLength="22" Help="The Volume indicates the volume of the product in the Volume UOM of the Client" isAlwaysUpdateable="false" isIdentifier="false" isKey="false" isMandatory="false" isParent="false" isSelectionColumn="false" isActive="true" isTranslated="false" isUpdateable="true" Name="Volume" getIsSyncDatabase="Y" ReadOnlyLogic="" SeqNo="0" VFormat="" ValueMax="" ValueMin="" Version="0" InfoFactoryClass=""/>
        <element AD_Element_ID="2110" IsActive="true" ColumnName="M_Freight_ID" Description="Freight Rate" EntityType="D" Help="Freight Rate for Shipper" Name="Freight" PrintName="Freight" PO_Description="" PO_Name="" PO_Help="" PO_PrintName="">
            <trl Name="Carga" Description="Tasa de carga" Help="Tarifa de la carga para el expedidor" PrintName="Carga" PO_Description="" PO_Help="" PO_Name="" PO_PrintName="" AD_Language="es_MX" IsActive="true" IsTranslated="true" ParentTable="AD_Element"/>
            <trl Name="Trasporto" Description="Spese di Trasporto" Help="Spese di Trasporto dello Spedizioniere" PrintName="Trasporto" PO_Description="" PO_Help="" PO_Name="" PO_PrintName="" AD_Language="it_IT" IsActive="true" IsTranslated="true" ParentTable="AD_Element"/>
            <trl Name="Freight" Description="" Help="" PrintName="Freight" PO_Description="" PO_Help="" PO_Name="" PO_PrintName="" AD_Language="fr_FR" IsActive="true" IsTranslated="false" ParentTable="AD_Element"/>
            <trl Name="Freight" Description="" Help="" PrintName="Freight" PO_Description="" PO_Help="" PO_Name="" PO_PrintName="" AD_Language="de_DE" IsActive="true" IsTranslated="false" ParentTable="AD_Element"/>
        </element>
        <column AD_Column_ID="83755" ADColumnNameID="M_Freight_ID" ADProcessNameID="" ADElementNameID="M_Freight_ID" ADReferenceNameID="Table Direct" ADReferenceNameValueID="" ADTableNameID="DD_FreightLine" ADValRuleNameID="" Callout="" ColumnSQL="" ColumnName="M_Freight_ID" DefaultValue="" Description="Freight Rate" EntityType="EE03" FieldLength="22" Help="Freight Rate for Shipper" isAlwaysUpdateable="false" isIdentifier="false" isKey="false" isMandatory="false" isParent="false" isSelectionColumn="false" isActive="true" isTranslated="false" isUpdateable="true" Name="Freight" getIsSyncDatabase="Y" ReadOnlyLogic="" SeqNo="0" VFormat="" ValueMax="" ValueMin="" Version="0" InfoFactoryClass=""/>
        <element AD_Element_ID="1539" IsActive="true" ColumnName="TotalAmt" Description="Total Amount" EntityType="D" Help="The Total Amount indicates the total document amount." Name="Total Amount" PrintName="Total Amt" PO_Description="" PO_Name="" PO_Help="" PO_PrintName="">
            <trl Name="Total Total" Description="Total Total" Help="Indica el total total del documento" PrintName="Total Total" PO_Description="" PO_Help="" PO_Name="" PO_PrintName="" AD_Language="es_MX" IsActive="true" IsTranslated="true" ParentTable="AD_Element"/>
            <trl Name="Importo Totale" Description="Importo Totale" Help="Indica l'importo totale del Documento" PrintName="Importo Totale" PO_Description="" PO_Help="" PO_Name="" PO_PrintName="" AD_Language="it_IT" IsActive="true" IsTranslated="true" ParentTable="AD_Element"/>
            <trl Name="Total Amount" Description="" Help="" PrintName="Total Amt" PO_Description="" PO_Help="" PO_Name="" PO_PrintName="" AD_Language="fr_FR" IsActive="true" IsTranslated="false" ParentTable="AD_Element"/>
            <trl Name="Total Amount" Description="" Help="" PrintName="Total Amt" PO_Description="" PO_Help="" PO_Name="" PO_PrintName="" AD_Language="de_DE" IsActive="true" IsTranslated="false" ParentTable="AD_Element"/>
        </element>
        <column AD_Column_ID="83756" ADColumnNameID="TotalAmt" ADProcessNameID="" ADElementNameID="TotalAmt" ADReferenceNameID="Amount" ADReferenceNameValueID="" ADTableNameID="DD_FreightLine" ADValRuleNameID="" Callout="" ColumnSQL="" ColumnName="TotalAmt" DefaultValue="" Description="Total Amount" EntityType="EE03" FieldLength="22" Help="The Total Amount indicates the total document amount." isAlwaysUpdateable="false" isIdentifier="false" isKey="false" isMandatory="false" isParent="false" isSelectionColumn="false" isActive="true" isTranslated="false" isUpdateable="true" Name="Total Amount" getIsSyncDatabase="Y" ReadOnlyLogic="" SeqNo="0" VFormat="" ValueMax="" ValueMin="" Version="0" InfoFactoryClass=""/>
        <element AD_Element_ID="59435" IsActive="true" ColumnName="Volume_UOM_ID" Description="" EntityType="EE03" Help="" Name="Volume Unit of Measure" PrintName="Volume Unit of Measure" PO_Description="" PO_Name="" PO_Help="" PO_PrintName="">
            <trl Name="Volume_UOM_ID" Description="" Help="" PrintName="Volume_UOM_ID" PO_Description="" PO_Help="" PO_Name="" PO_PrintName="" AD_Language="fr_FR" IsActive="true" IsTranslated="false" ParentTable="AD_Element"/>
            <trl Name="Volume_UOM_ID" Description="" Help="" PrintName="Volume_UOM_ID" PO_Description="" PO_Help="" PO_Name="" PO_PrintName="" AD_Language="de_DE" IsActive="true" IsTranslated="false" ParentTable="AD_Element"/>
            <trl Name="Volume_UOM_ID" Description="" Help="" PrintName="Volume_UOM_ID" PO_Description="" PO_Help="" PO_Name="" PO_PrintName="" AD_Language="es_MX" IsActive="true" IsTranslated="false" ParentTable="AD_Element"/>
            <trl Name="Volume_UOM_ID" Description="" Help="" PrintName="Volume_UOM_ID" PO_Description="" PO_Help="" PO_Name="" PO_PrintName="" AD_Language="it_IT" IsActive="true" IsTranslated="false" ParentTable="AD_Element"/>
        </element>
        <reference AD_Reference_ID="114" name="C_UOM" Description="Unit of Measure selection" EntityType="D" Help="" Name="C_UOM" isActive="true" VFormat="" ValidationType="T">
            <referencetable AD_Reference_ID="114" ADRefenceNameID="C_UOM" ADTableNameID="C_UOM" ADDisplay="Name" Key="C_UOM_ID" EntityType="D" IsValueDisplayed="N" OrderByClause="" isActive="Y" WhereClause=""/>
        </reference>
        <column AD_Column_ID="83757" ADColumnNameID="Volume_UOM_ID" ADProcessNameID="" ADElementNameID="Volume_UOM_ID" ADReferenceNameID="Table" ADReferenceNameValueID="C_UOM" ADTableNameID="DD_FreightLine" ADValRuleNameID="" Callout="" ColumnSQL="" ColumnName="Volume_UOM_ID" DefaultValue="" Description="" EntityType="EE03" FieldLength="22" Help="" isAlwaysUpdateable="false" isIdentifier="false" isKey="false" isMandatory="false" isParent="false" isSelectionColumn="false" isActive="true" isTranslated="false" isUpdateable="true" Name="Volume Unit of Measure" getIsSyncDatabase="Y" ReadOnlyLogic="" SeqNo="0" VFormat="" ValueMax="" ValueMin="" Version="0" InfoFactoryClass=""/>
        <element AD_Element_ID="59434" IsActive="true" ColumnName="Weight_UOM_ID" Description="" EntityType="EE03" Help="" Name="Weight Unit of Measure" PrintName="Weight Unit of Measure" PO_Description="" PO_Name="" PO_Help="" PO_PrintName="">
            <trl Name="Weight_UOM_ID" Description="" Help="" PrintName="Weight_UOM_ID" PO_Description="" PO_Help="" PO_Name="" PO_PrintName="" AD_Language="it_IT" IsActive="true" IsTranslated="false" ParentTable="AD_Element"/>
            <trl Name="Weight_UOM_ID" Description="" Help="" PrintName="Weight_UOM_ID" PO_Description="" PO_Help="" PO_Name="" PO_PrintName="" AD_Language="fr_FR" IsActive="true" IsTranslated="false" ParentTable="AD_Element"/>
            <trl Name="Weight_UOM_ID" Description="" Help="" PrintName="Weight_UOM_ID" PO_Description="" PO_Help="" PO_Name="" PO_PrintName="" AD_Language="de_DE" IsActive="true" IsTranslated="false" ParentTable="AD_Element"/>
            <trl Name="Weight_UOM_ID" Description="" Help="" PrintName="Weight_UOM_ID" PO_Description="" PO_Help="" PO_Name="" PO_PrintName="" AD_Language="es_MX" IsActive="true" IsTranslated="false" ParentTable="AD_Element"/>
        </element>
        <column AD_Column_ID="83758" ADColumnNameID="Weight_UOM_ID" ADProcessNameID="" ADElementNameID="Weight_UOM_ID" ADReferenceNameID="Table" ADReferenceNameValueID="C_UOM" ADTableNameID="DD_FreightLine" ADValRuleNameID="" Callout="" ColumnSQL="" ColumnName="Weight_UOM_ID" DefaultValue="" Description="" EntityType="EE03" FieldLength="22" Help="" isAlwaysUpdateable="false" isIdentifier="false" isKey="false" isMandatory="false" isParent="false" isSelectionColumn="false" isActive="true" isTranslated="false" isUpdateable="true" Name="Weight Unit of Measure" getIsSyncDatabase="Y" ReadOnlyLogic="" SeqNo="0" VFormat="" ValueMax="" ValueMin="" Version="0" InfoFactoryClass=""/>
        <element AD_Element_ID="59465" IsActive="true" ColumnName="DD_Freight_ID" Description="" EntityType="EE03" Help="" Name="Order Freight ID" PrintName="Order Freight ID" PO_Description="" PO_Name="" PO_Help="" PO_PrintName="">
            <trl Name="Order Freight ID" Description="" Help="" PrintName="Order Freight ID" PO_Description="" PO_Help="" PO_Name="" PO_PrintName="" AD_Language="it_IT" IsActive="true" IsTranslated="false" ParentTable="AD_Element"/>
            <trl Name="Order Freight ID" Description="" Help="" PrintName="Order Freight ID" PO_Description="" PO_Help="" PO_Name="" PO_PrintName="" AD_Language="fr_FR" IsActive="true" IsTranslated="false" ParentTable="AD_Element"/>
            <trl Name="Order Freight ID" Description="" Help="" PrintName="Order Freight ID" PO_Description="" PO_Help="" PO_Name="" PO_PrintName="" AD_Language="de_DE" IsActive="true" IsTranslated="false" ParentTable="AD_Element"/>
            <trl Name="Order Freight ID" Description="" Help="" PrintName="Order Freight ID" PO_Description="" PO_Help="" PO_Name="" PO_PrintName="" AD_Language="es_MX" IsActive="true" IsTranslated="false" ParentTable="AD_Element"/>
        </element>
        <column AD_Column_ID="83759" ADColumnNameID="DD_Freight_ID" ADProcessNameID="" ADElementNameID="DD_Freight_ID" ADReferenceNameID="Table Direct" ADReferenceNameValueID="" ADTableNameID="DD_FreightLine" ADValRuleNameID="" Callout="" ColumnSQL="" ColumnName="DD_Freight_ID" DefaultValue="" Description="" EntityType="EE03" FieldLength="22" Help="" isAlwaysUpdateable="false" isIdentifier="false" isKey="false" isMandatory="false" isParent="true" isSelectionColumn="false" isActive="true" isTranslated="false" isUpdateable="false" Name="Order Freight ID" getIsSyncDatabase="Y" ReadOnlyLogic="" SeqNo="0" VFormat="" ValueMax="" ValueMin="" Version="0" InfoFactoryClass=""/>
        <element AD_Element_ID="201" IsActive="true" ColumnName="C_LocTo_ID" Description="Location that inventory was moved to" EntityType="D" Help="The Location To indicates the location that a product was moved to." Name="Location To" PrintName="Location To" PO_Description="" PO_Name="" PO_Help="" PO_PrintName="">
            <trl Name="A Localización" Description="Ubicación a la que el inventario fue movido." Help="La Ubicación A indica la ubicación a la que un producto fue movido." PrintName="A Localización" PO_Description="" PO_Help="" PO_Name="" PO_PrintName="" AD_Language="es_MX" IsActive="true" IsTranslated="true" ParentTable="AD_Element"/>
            <trl Name="Ubicazione A" Description="Area Stoccaggio a cui la giacenza è stata trasferita" Help="Area Stoccaggio A indica la ubicazione a cui il prodotto è stato trasferito." PrintName="Ubicazione A" PO_Description="" PO_Help="" PO_Name="" PO_PrintName="" AD_Language="it_IT" IsActive="true" IsTranslated="true" ParentTable="AD_Element"/>
            <trl Name="Location To" Description="" Help="" PrintName="Location To" PO_Description="" PO_Help="" PO_Name="" PO_PrintName="" AD_Language="fr_FR" IsActive="true" IsTranslated="false" ParentTable="AD_Element"/>
            <trl Name="Location To" Description="" Help="" PrintName="Location To" PO_Description="" PO_Help="" PO_Name="" PO_PrintName="" AD_Language="de_DE" IsActive="true" IsTranslated="false" ParentTable="AD_Element"/>
        </element>
        <reference AD_Reference_ID="133" name="C_Location" Description="Location selection" EntityType="D" Help="" Name="C_Location" isActive="true" VFormat="" ValidationType="T">
            <referencetable AD_Reference_ID="133" ADRefenceNameID="C_Location" ADTableNameID="C_Location" ADDisplay="City" Key="C_Location_ID" EntityType="D" IsValueDisplayed="N" OrderByClause="" isActive="Y" WhereClause=""/>
        </reference>
        <column AD_Column_ID="83760" ADColumnNameID="C_LocTo_ID" ADProcessNameID="" ADElementNameID="C_LocTo_ID" ADReferenceNameID="Table" ADReferenceNameValueID="C_Location" ADTableNameID="DD_FreightLine" ADValRuleNameID="" Callout="" ColumnSQL="" ColumnName="C_LocTo_ID" DefaultValue="" Description="Location that inventory was moved to" EntityType="EE03" FieldLength="22" Help="The Location To indicates the location that a product was moved to." isAlwaysUpdateable="false" isIdentifier="false" isKey="false" isMandatory="false" isParent="false" isSelectionColumn="false" isActive="true" isTranslated="false" isUpdateable="true" Name="Location To" getIsSyncDatabase="Y" ReadOnlyLogic="" SeqNo="0" VFormat="" ValueMax="" ValueMin="" Version="0" InfoFactoryClass=""/>
        <element AD_Element_ID="200" IsActive="true" ColumnName="C_LocFrom_ID" Description="Location that inventory was moved from" EntityType="D" Help="The Location From indicates the location that a product was moved from." Name="Location From" PrintName="Location From" PO_Description="" PO_Name="" PO_Help="" PO_PrintName="">
            <trl Name="Desde Localización" Description="Ubicación desde la que el inventario fue movido" Help="La ubicación desde indica la ubicación desde la que un producto fue movido" PrintName="Desde Localización" PO_Description="" PO_Help="" PO_Name="" PO_PrintName="" AD_Language="es_MX" IsActive="true" IsTranslated="true" ParentTable="AD_Element"/>
            <trl Name="Ubicazione Da" Description="Area Stoccaggio da cui la giacenza è stata trasferita" Help="L'Area Stoccaggio Da indica l'ubicazione da cui il prodotto è stato trasferito." PrintName="Ubicazione Da" PO_Description="" PO_Help="" PO_Name="" PO_PrintName="" AD_Language="it_IT" IsActive="true" IsTranslated="true" ParentTable="AD_Element"/>
            <trl Name="Location From" Description="" Help="" PrintName="Location From" PO_Description="" PO_Help="" PO_Name="" PO_PrintName="" AD_Language="fr_FR" IsActive="true" IsTranslated="false" ParentTable="AD_Element"/>
            <trl Name="Location From" Description="" Help="" PrintName="Location From" PO_Description="" PO_Help="" PO_Name="" PO_PrintName="" AD_Language="de_DE" IsActive="true" IsTranslated="false" ParentTable="AD_Element"/>
        </element>
        <column AD_Column_ID="83761" ADColumnNameID="C_LocFrom_ID" ADProcessNameID="" ADElementNameID="C_LocFrom_ID" ADReferenceNameID="Table" ADReferenceNameValueID="C_Location" ADTableNameID="DD_FreightLine" ADValRuleNameID="" Callout="" ColumnSQL="" ColumnName="C_LocFrom_ID" DefaultValue="" Description="Location that inventory was moved from" EntityType="EE03" FieldLength="22" Help="The Location From indicates the location that a product was moved from." isAlwaysUpdateable="false" isIdentifier="false" isKey="false" isMandatory="false" isParent="false" isSelectionColumn="false" isActive="true" isTranslated="false" isUpdateable="true" Name="Location From" getIsSyncDatabase="Y" ReadOnlyLogic="" SeqNo="0" VFormat="" ValueMax="" ValueMin="" Version="0" InfoFactoryClass=""/>
        <element AD_Element_ID="2123" IsActive="true" ColumnName="ShipDate" Description="Shipment Date/Time" EntityType="D" Help="Actual Date/Time of Shipment (pick up)" Name="Ship Date" PrintName="Ship Date" PO_Description="" PO_Name="" PO_Help="" PO_PrintName="">
            <trl Name="Fecha de entrega" Description="Fecha de entrega Fecha/Hora" Help="Fecha actual Fecha/Hora de entrega (recolección)" PrintName="F. Entrega" PO_Description="" PO_Help="" PO_Name="" PO_PrintName="" AD_Language="es_MX" IsActive="true" IsTranslated="false" ParentTable="AD_Element"/>
            <trl Name="Data Spedizione" Description="Data e Ora di Spedizione" Help="Data e Ora effettiva di Spedizione" PrintName="Data Spedizione" PO_Description="" PO_Help="" PO_Name="" PO_PrintName="" AD_Language="it_IT" IsActive="true" IsTranslated="false" ParentTable="AD_Element"/>
            <trl Name="Ship Date" Description="" Help="" PrintName="Ship Date" PO_Description="" PO_Help="" PO_Name="" PO_PrintName="" AD_Language="fr_FR" IsActive="true" IsTranslated="false" ParentTable="AD_Element"/>
            <trl Name="Ship Date" Description="" Help="" PrintName="Ship Date" PO_Description="" PO_Help="" PO_Name="" PO_PrintName="" AD_Language="de_DE" IsActive="true" IsTranslated="false" ParentTable="AD_Element"/>
        </element>
        <column AD_Column_ID="83762" ADColumnNameID="ShipDate" ADProcessNameID="" ADElementNameID="ShipDate" ADReferenceNameID="Date+Time" ADReferenceNameValueID="" ADTableNameID="DD_FreightLine" ADValRuleNameID="" Callout="" ColumnSQL="" ColumnName="ShipDate" DefaultValue="" Description="Shipment Date/Time" EntityType="EE03" FieldLength="7" Help="Actual Date/Time of Shipment (pick up)" isAlwaysUpdateable="false" isIdentifier="false" isKey="false" isMandatory="false" isParent="false" isSelectionColumn="false" isActive="true" isTranslated="false" isUpdateable="true" Name="Ship Date" getIsSyncDatabase="Y" ReadOnlyLogic="" SeqNo="0" VFormat="" ValueMax="" ValueMin="" Version="0" InfoFactoryClass=""/>
        <element AD_Element_ID="561" IsActive="true" ColumnName="C_OrderLine_ID" Description="Sales Order Line" EntityType="D" Help="The Sales Order Line is a unique identifier for a line in an order." Name="Sales Order Line" PrintName="Order Line" PO_Description="Purchase Order Line" PO_Name="Purchase Order Line" PO_Help="The Purchase Order Line is a unique identifier for a line in an order." PO_PrintName="Order Line">
            <trl Name="Línea" Description="Línea de orden de venta" Help="La línea de orden de venta es un identificador único para una línea en una orden." PrintName="Línea" PO_Description="Línea de orden de compra" PO_Help="La línea orden de compra es un identificador único para una línea en una orden." PO_Name="Línea" PO_PrintName="Línea" AD_Language="es_MX" IsActive="true" IsTranslated="true" ParentTable="AD_Element"/>
            <trl Name="Linea dell'Ordine di Vendita" Description="Linea dell'Ordine di Vendita" Help="La Linea dell'Ordine di Vendita identifica una specifica linea all'interno dell'Ordine" PrintName="Linea di Ordine" PO_Description="Linea dell'Ordine di Acquisto" PO_Help="La Linea dell'Ordine di Acquisto identifica una specifica linea all'interno dell'Ordine" PO_Name="Linea dell'Ordine di Acquisto" PO_PrintName="Linea di Ordine" AD_Language="it_IT" IsActive="true" IsTranslated="true" ParentTable="AD_Element"/>
            <trl Name="Sales Order Line" Description="" Help="" PrintName="Order Line" PO_Description="" PO_Help="" PO_Name="" PO_PrintName="" AD_Language="fr_FR" IsActive="true" IsTranslated="false" ParentTable="AD_Element"/>
            <trl Name="Sales Order Line" Description="" Help="" PrintName="Order Line" PO_Description="" PO_Help="" PO_Name="" PO_PrintName="" AD_Language="de_DE" IsActive="true" IsTranslated="false" ParentTable="AD_Element"/>
        </element>
        <column AD_Column_ID="95004" ADColumnNameID="C_OrderLine_ID" ADProcessNameID="" ADElementNameID="C_OrderLine_ID" ADReferenceNameID="Table Direct" ADReferenceNameValueID="" ADTableNameID="DD_FreightLine" ADValRuleNameID="" Callout="" ColumnSQL="" ColumnName="C_OrderLine_ID" DefaultValue="" Description="Sales Order Line" EntityType="EE03" FieldLength="22" Help="The Sales Order Line is a unique identifier for a line in an order." isAlwaysUpdateable="false" isIdentifier="false" isKey="false" isMandatory="false" isParent="false" isSelectionColumn="false" isActive="true" isTranslated="false" isUpdateable="true" Name="Sales Order Line" getIsSyncDatabase="Y" ReadOnlyLogic="" SeqNo="0" VFormat="" ValueMax="" ValueMin="" Version="0" InfoFactoryClass=""/>
        <element AD_Element_ID="215" IsActive="true" ColumnName="C_UOM_ID" Description="Unit of Measure" EntityType="D" Help="The UOM defines a unique non monetary Unit of Measure" Name="UOM" PrintName="UOM" PO_Description="" PO_Name="" PO_Help="" PO_PrintName="">
            <trl Name="UM" Description="Unidad de Medida" Help="La UM define una unidad de medida única no monetaria" PrintName="UM" PO_Description="" PO_Help="" PO_Name="" PO_PrintName="" AD_Language="es_MX" IsActive="true" IsTranslated="false" ParentTable="AD_Element"/>
            <trl Name="UdM" Description="Unità di Misura" Help="L'Unità di Misura identifica una unità di misura non monetaria unica" PrintName="UdM" PO_Description="" PO_Help="" PO_Name="" PO_PrintName="" AD_Language="it_IT" IsActive="true" IsTranslated="false" ParentTable="AD_Element"/>
            <trl Name="UOM" Description="" Help="" PrintName="UOM" PO_Description="" PO_Help="" PO_Name="" PO_PrintName="" AD_Language="fr_FR" IsActive="true" IsTranslated="false" ParentTable="AD_Element"/>
            <trl Name="UOM" Description="" Help="" PrintName="UOM" PO_Description="" PO_Help="" PO_Name="" PO_PrintName="" AD_Language="de_DE" IsActive="true" IsTranslated="false" ParentTable="AD_Element"/>
        </element>
        <column AD_Column_ID="95005" ADColumnNameID="C_UOM_ID" ADProcessNameID="" ADElementNameID="C_UOM_ID" ADReferenceNameID="Table Direct" ADReferenceNameValueID="" ADTableNameID="DD_FreightLine" ADValRuleNameID="" Callout="" ColumnSQL="" ColumnName="C_UOM_ID" DefaultValue="" Description="Unit of Measure" EntityType="EE03" FieldLength="22" Help="The UOM defines a unique non monetary Unit of Measure" isAlwaysUpdateable="false" isIdentifier="false" isKey="false" isMandatory="false" isParent="false" isSelectionColumn="false" isActive="true" isTranslated="false" isUpdateable="true" Name="UOM" getIsSyncDatabase="Y" ReadOnlyLogic="" SeqNo="0" VFormat="" ValueMax="" ValueMin="" Version="0" InfoFactoryClass=""/>
        <element AD_Element_ID="1038" IsActive="true" ColumnName="MovementQty" Description="Quantity of a product moved." EntityType="D" Help="The Movement Quantity indicates the quantity of a product that has been moved." Name="Movement Quantity" PrintName="Qty" PO_Description="" PO_Name="" PO_Help="" PO_PrintName="">
            <trl Name="Cantidad del Movimiento" Description="Cantidad de un producto movido" Help="La Cantidad del Movimiento indica la cantidad de un producto que ha sido movido" PrintName="Cantidad del Movimiento" PO_Description="" PO_Help="" PO_Name="" PO_PrintName="" AD_Language="es_MX" IsActive="true" IsTranslated="false" ParentTable="AD_Element"/>
            <trl Name="Quantità Movimentata" Description="Quantità del Prodotto movimentato" Help="Indica la quantità del Prodotto che è stata movimentata." PrintName="Q.tà" PO_Description="" PO_Help="" PO_Name="" PO_PrintName="" AD_Language="it_IT" IsActive="true" IsTranslated="false" ParentTable="AD_Element"/>
            <trl Name="Movement Quantity" Description="" Help="" PrintName="Qty" PO_Description="" PO_Help="" PO_Name="" PO_PrintName="" AD_Language="fr_FR" IsActive="true" IsTranslated="false" ParentTable="AD_Element"/>
            <trl Name="Movement Quantity" Description="" Help="" PrintName="Qty" PO_Description="" PO_Help="" PO_Name="" PO_PrintName="" AD_Language="de_DE" IsActive="true" IsTranslated="false" ParentTable="AD_Element"/>
        </element>
        <reference AD_Reference_ID="29" name="Quantity" Description="Quantity data type" EntityType="D" Help="" Name="Quantity" isActive="true" VFormat="" ValidationType="D"/>
        <column AD_Column_ID="95006" ADColumnNameID="MovementQty" ADProcessNameID="" ADElementNameID="MovementQty" ADReferenceNameID="Quantity" ADReferenceNameValueID="" ADTableNameID="DD_FreightLine" ADValRuleNameID="" Callout="" ColumnSQL="" ColumnName="MovementQty" DefaultValue="" Description="Quantity of a product moved." EntityType="EE03" FieldLength="22" Help="The Movement Quantity indicates the quantity of a product that has been moved." isAlwaysUpdateable="false" isIdentifier="false" isKey="false" isMandatory="false" isParent="false" isSelectionColumn="false" isActive="true" isTranslated="false" isUpdateable="true" Name="Movement Quantity" getIsSyncDatabase="Y" ReadOnlyLogic="" SeqNo="0" VFormat="" ValueMax="" ValueMin="" Version="0" InfoFactoryClass=""/>
        <element AD_Element_ID="454" IsActive="true" ColumnName="M_Product_ID" Description="Product, Service, Item" EntityType="D" Help="Identifies an item which is either purchased or sold in this organization." Name="Product" PrintName="Product" PO_Description="" PO_Name="" PO_Help="" PO_PrintName="">
            <trl Name="Producto" Description="Producto; servicio Ã³ artÃ­culo." Help="Identifica un artÃ­culo que puede ser comprado Ã³ vendido es esta organizaciÃ³n." PrintName="Producto" PO_Description="" PO_Help="" PO_Name="" PO_PrintName="" AD_Language="es_MX" IsActive="true" IsTranslated="false" ParentTable="AD_Element"/>
            <trl Name="Prodotto" Description="Prodotto, Servizio, Articolo" Help="Il Prodotto identifica un articolo che ÃÂ¨ o acquistato o venduto da questa Organizzazione." PrintName="Prodotto" PO_Description="" PO_Help="" PO_Name="" PO_PrintName="" AD_Language="it_IT" IsActive="true" IsTranslated="false" ParentTable="AD_Element"/>
            <trl Name="Product" Description="" Help="" PrintName="Product" PO_Description="" PO_Help="" PO_Name="" PO_PrintName="" AD_Language="fr_FR" IsActive="true" IsTranslated="false" ParentTable="AD_Element"/>
            <trl Name="Product" Description="" Help="" PrintName="Product" PO_Description="" PO_Help="" PO_Name="" PO_PrintName="" AD_Language="de_DE" IsActive="true" IsTranslated="false" ParentTable="AD_Element"/>
        </element>
        <column ADColumnNameID="M_Product_ID" ADProcessNameID="" ADElementNameID="M_Product_ID" ADReferenceNameID="Table Direct" ADReferenceNameValueID="" ADTableNameID="DD_FreightLine" ADValRuleNameID="" Callout="" ColumnSQL="" ColumnName="M_Product_ID" DefaultValue="" Description="Product, Service, Item" EntityType="EE03" FieldLength="22" Help="Identifies an item which is either purchased or sold in this organization." isAlwaysUpdateable="false" isIdentifier="false" isKey="false" isMandatory="false" isParent="false" isSelectionColumn="false" isActive="true" isTranslated="false" isUpdateable="true" Name="Product" getIsSyncDatabase="Y" ReadOnlyLogic="" SeqNo="0" VFormat="" ValueMax="" ValueMin="" Version="0" InfoFactoryClass=""/>
    </table>
</adempiereAD>
