<?xml version="1.0" encoding="ISO-8859-1"?><adempiereAD Name="MaterialReceipt_Ende" Version="1" CompVer="all" DataBase="1" Description=" " creator="1" creatorcontact="1" createddate="2019-11-24 22:06:30" updateddate="2019-11-24 22:23:44" PackOutVer="005">
    <window AD_Window_ID="184" ADWindowNameID="Material Receipt" ADImageNameID="" ADColorNameID="" Description="Vendor Shipments (Receipts)" EntityType="D" Help="The Vendor Shipment Window defines the receipt of product or material from a Vendor.  The Shipment may be manually entered or may be generated from a Purchase Order or Vendor Invoice." isBetaFunctionality="false" isDefault="false" isSOTrx="false" isActive="true" Name="Material Receipt" isProcessing="false" WinHeight="" WinWidth="" WindowType="T">
        <table AD_Table_ID="319" Name="Shipment/Receipt" ADTableNameID="M_InOut" ADWindowNameID="Shipment (Customer)" POWindowNameID="Material Receipt" ADValRuleNameID="" AccessLevel="1" Description="Material Shipment Document" EntityType="D" Help="" ImportTable="" isChangeLog="false" isActive="true" isDeleteable="true" isHighVolume="false" isSecurityEnabled="false" isView="false" LoadSeq="115" ReplicationType="L" TableName="M_InOut">
            <element IsActive="true" ColumnName="CreateFromFreight" Description="" EntityType="U" Help="" Name="CreateFromFreight" PrintName="CreateFromFreight" PO_Description="" PO_Name="" PO_Help="" PO_PrintName="">
                <trl Name="CreateFromFreight" Description="" Help="" PrintName="CreateFromFreight" PO_Description="" PO_Help="" PO_Name="" PO_PrintName="" AD_Language="it_IT" IsActive="true" IsTranslated="false" ParentTable="AD_Element"/>
            </element>
            <process Name="SB_InoutCreateFromFreight" ADWorkflowNameID="" ADProcessNameID="SB_InoutCreateFromFreight" ADPrintFormatNameID="" ADReportViewNameID="" AccessLevel="3" Classname="org.adempiere.process.SBP_InOutCreateFrom" Description="" EntityType="U" Help="" isBetaFunctionality="false" isDirectPrint="false" isReport="false" isActive="true" ProcedureName="" StatisticCount="0" StatisticSeconds="0" Value="SB_InoutCreateFromFreight" WorkflowValue="" ShowHelp="Y" JasperReport="">
                <processpara Name="M_InOut_ID" ADProcessValueID="SB_InoutCreateFromFreight" ADProcessParaNameID="M_InOut_ID" ADElementNameID="M_InOut_ID" ADReferenceNameID="Table Direct" ADReferenceValueNameID="" ADValRuleNameID="" ColumnName="M_InOut_ID" DefaultValue="@0|M_InOut_ID@" DefaultValue2="" Description="" EntityType="U" Help="" isActive="true" VFormat="" ValueMax="" ValueMin="" SeqNo="10" FieldLength="0" isCentrallyMaintained="true" isMandatory="false" isRange="false"/>
                <processpara Name="DD_Freight_ID" ADProcessValueID="SB_InoutCreateFromFreight" ADProcessParaNameID="DD_Freight_ID" ADElementNameID="DD_Freight_ID" ADReferenceNameID="Table Direct" ADReferenceValueNameID="" ADValRuleNameID="" ColumnName="DD_Freight_ID" DefaultValue="" DefaultValue2="" Description="" EntityType="U" Help="" isActive="true" VFormat="" ValueMax="" ValueMin="" SeqNo="20" FieldLength="0" isCentrallyMaintained="true" isMandatory="false" isRange="false"/>
            </process>
            <column ADColumnNameID="CreateFromFreight" ADProcessNameID="SB_InoutCreateFromFreight" ADElementNameID="CreateFromFreight" ADReferenceNameID="Button" ADReferenceNameValueID="" ADTableNameID="M_InOut" ADValRuleNameID="" Callout="" ColumnSQL="" ColumnName="CreateFromFreight" DefaultValue="" Description="" EntityType="U" FieldLength="1" Help="" isAlwaysUpdateable="false" isIdentifier="false" isKey="false" isMandatory="false" isParent="false" isSelectionColumn="false" isActive="true" isTranslated="false" isUpdateable="true" Name="CreateFromFreight" getIsSyncDatabase="Y" ReadOnlyLogic="" SeqNo="0" VFormat="" ValueMax="" ValueMin="" Version="0" InfoFactoryClass=""/>
        </table>
        <tab AD_Tab_ID="296" Name="Material Receipt" ADColumnSortOrderNameID="" ADColumnSortYesNoNameID="" ADColumnNameID="" ADImageNameID="" ADProcessNameID="InOut ExtReporting Integration" ADTabNameID="Material Receipt" ADTableNameID="M_InOut" ADWindowNameID="Material Receipt" IncludedTabNameID="" CommitWarning="" Description="Enter Receipts" EntityType="D" isHasTree="false" Help="The Shipments Tab allows you to generate, maintain, enter and process Shipments from a Vendor." isInfoTab="false" isReadOnly="false" isSingleRow="true" isSortTab="false" isActive="true" IsTranslationTab="false" OrderByClause="" isProcessing="false" SeqNo="10" TabLevel="0" WhereClause="M_InOut.MovementType IN ('V+','C+')" ReadOnlyLogic="" DisplayLogic="" isInsertRecord="true" isAdvancedTab="false" Syncfields="false">
            <fieldgroup AD_FieldGroup_ID="104" IsActive="true" Name="Reference" EntityType="D" FieldGroupType="C" IsCollapsedByDefault="true">
                <trl Name="Referencia" AD_Language="es_MX" IsActive="true" IsTranslated="true" ParentTable="AD_FieldGroup"/>
                <trl Name="Riferimento" AD_Language="it_IT" IsActive="true" IsTranslated="true" ParentTable="AD_FieldGroup"/>
            </fieldgroup>
            <field ADColumnNameID="CreateFromFreight" ADTableNameID="M_InOut" ADFieldGroupNameID="" ADFieldNameID="CreateFromFreight" ADTabNameID="Material Receipt" ADWindowNameID="Material Receipt" EntityType="U" Name="CreateFromFreight" SameLine="false" isCentrallyMaintained="true" Displayed="true" isActive="true" isEncrypted="false" isFieldOnly="false" isHeading="false" isReadOnly="false" SeqNo="500" DisplayLength="0" Description="" Help="" SortNo="0" DisplayLogic="" ObscureType="" InfoFactoryClass="" ADReferenceNameID="" ADReferenceNameValueID="" ADValRuleNameID=""/>
        </tab>
    </window>
</adempiereAD>
