<?xml version="1.0" encoding="ISO-8859-1"?><?xml-stylesheet type="text/css" href="adempiereDocument.css"?><adempiereDocument>
    <header>FreightOrder_Ende Package Description</header>
    <H1>Package Name:</H1>
    <packagename>FreightOrder_Ende</packagename>
    <H1>Creator:</H1>
    <creator>1</creator>
    <H1>Email Address:</H1>
    <creatorcontact>1</creatorcontact>
    <H1>Created:</H1>
    <createddate>2019-11-24 22:05:29</createddate>
    <H1>Updated:</H1>
    <updateddate>2019-11-24 22:05:29</updateddate>
    <H1>Description:</H1>
    <description> </description>
    <H1>Instructions:</H1>
    <instructions> </instructions>
    <H1>Files in Package:</H1>
    <file>File: PackOut.xml</file>
    <filedirectory>Directory: \dict\</filedirectory>
    <filenotes>Notes: Contains all application/object settings for package</filenotes>
</adempiereDocument>
