<?xml version="1.0" encoding="ISO-8859-1"?><adempiereAD Name="01_DD_FreightWorkFlowProcess" Version="1" CompVer="all" DataBase="1" Description=" " creator="1" creatorcontact="1" createddate="2019-11-24 18:46:32" updateddate="2019-11-24 18:46:32" PackOutVer="005">
    <workflow AD_Workflow_ID="50057" Value="Process_Order Freight" Name="Process_Order Freight" ADTableNameID="DD_Freight" ADWorkflowNodeNameID="(Start)" ADWorkflowResponsibleNameID="" ADWorkflowProcessorNameID="" isBetaFunctionality="false" AccessLevel="3" DurationUnit="D" Help="" Description="(Standard Process_Order Freight)" EntityType="EE03" Author="ADempiere" Version="0" Priority="0" Limit="0" Duration="1" Cost="0" WorkingTime="0" WaitingTime="0" PublishStatus="T" WorkflowType="P" DocValueLogic="" isValid="true">
        <workflowNode AD_WF_Node_ID="50251" Value="(Start)" Name="(Start)" ADWorkflowNameID="Process_Order Freight" ADWindowNameID="" ADTaskNameID="" ADProcessNameID="" ADFormNameID="" ADWorkflowBlockNameID="" ADWorkflowResponsibleNameID="" ADImageNameID="" WorkflowNameID="" ADColumnNameID="" isActive="true" Description="Process_Order Freight" Help="" isCentrallyMaintained="false" Action="Z" EntityType="EE03" XPosition="0" YPosition="0" SubflowExecution="" StartMode="" Priority="0" Duration="0" Cost="0" WorkingTime="0" WaitingTime="0" JoinElement="X" SplitElement="X" WaitTime="0" AttributeName="" AttributeValue="" DocAction="CO" DynPriorityUnit="" DynPriorityChange="0"/>
        <workflowNodeNext AD_WF_NodeNext_ID="50194" ADWorkflowNameID="Process_Order Freight" ADWorkflowNodeNameID="(Start)" ADWorkflowNodeNextNameID="(DocPrepare)" isActive="true" EntityType="EE03" Description="" SeqNo="10" IsStdUserWorkflow="true"/>
        <workflowNodeNext AD_WF_NodeNext_ID="50195" ADWorkflowNameID="Process_Order Freight" ADWorkflowNodeNameID="(Start)" ADWorkflowNodeNextNameID="(DocAuto)" isActive="true" EntityType="EE03" Description="" SeqNo="100" IsStdUserWorkflow="false"/>
        <workflowNode AD_WF_Node_ID="50252" Value="(DocAuto)" Name="(DocAuto)" ADWorkflowNameID="Process_Order Freight" ADWindowNameID="" ADTaskNameID="" ADProcessNameID="" ADFormNameID="" ADWorkflowBlockNameID="" ADWorkflowResponsibleNameID="" ADImageNameID="" WorkflowNameID="" ADColumnNameID="" isActive="true" Description="Process_Order Freight" Help="" isCentrallyMaintained="false" Action="D" EntityType="EE03" XPosition="0" YPosition="0" SubflowExecution="" StartMode="" Priority="0" Duration="0" Cost="0" WorkingTime="0" WaitingTime="0" JoinElement="X" SplitElement="X" WaitTime="0" AttributeName="" AttributeValue="" DocAction="--" DynPriorityUnit="" DynPriorityChange="0"/>
        <workflowNode AD_WF_Node_ID="50253" Value="(DocPrepare)" Name="(DocPrepare)" ADWorkflowNameID="Process_Order Freight" ADWindowNameID="" ADTaskNameID="" ADProcessNameID="" ADFormNameID="" ADWorkflowBlockNameID="" ADWorkflowResponsibleNameID="" ADImageNameID="" WorkflowNameID="" ADColumnNameID="" isActive="true" Description="Process_Order Freight" Help="" isCentrallyMaintained="false" Action="D" EntityType="EE03" XPosition="0" YPosition="0" SubflowExecution="" StartMode="" Priority="0" Duration="0" Cost="0" WorkingTime="0" WaitingTime="0" JoinElement="X" SplitElement="X" WaitTime="0" AttributeName="" AttributeValue="" DocAction="PR" DynPriorityUnit="" DynPriorityChange="0"/>
        <workflowNodeNext AD_WF_NodeNext_ID="50196" ADWorkflowNameID="Process_Order Freight" ADWorkflowNodeNameID="(DocPrepare)" ADWorkflowNodeNextNameID="(DocComplete)" isActive="true" EntityType="EE03" Description="" SeqNo="100" IsStdUserWorkflow="false"/>
        <workflowNode AD_WF_Node_ID="50254" Value="(DocComplete)" Name="(DocComplete)" ADWorkflowNameID="Process_Order Freight" ADWindowNameID="" ADTaskNameID="" ADProcessNameID="" ADFormNameID="" ADWorkflowBlockNameID="" ADWorkflowResponsibleNameID="" ADImageNameID="" WorkflowNameID="" ADColumnNameID="" isActive="true" Description="Process_Order Freight" Help="" isCentrallyMaintained="false" Action="D" EntityType="EE03" XPosition="0" YPosition="0" SubflowExecution="" StartMode="" Priority="0" Duration="0" Cost="0" WorkingTime="0" WaitingTime="0" JoinElement="X" SplitElement="X" WaitTime="0" AttributeName="" AttributeValue="" DocAction="CO" DynPriorityUnit="" DynPriorityChange="0"/>
    </workflow>
    <process AD_Process_ID="53954" Name="Process Order Freight" ADWorkflowNameID="Process_Order Freight" ADProcessNameID="Process Order Freight" ADPrintFormatNameID="" ADReportViewNameID="" AccessLevel="3" Classname="" Description="" EntityType="EE03" Help="" isBetaFunctionality="false" isDirectPrint="false" isReport="false" isActive="true" ProcedureName="" StatisticCount="0" StatisticSeconds="0" Value="DD_Freight_Process" WorkflowValue="" ShowHelp="Y" JasperReport=""/>
</adempiereAD>
