<?xml version="1.0" encoding="ISO-8859-1"?><adempiereAD Name="01_DD_FreightNew" Version="1" CompVer="all" DataBase="1" Description=" " creator="1" creatorcontact="1" createddate="2019-11-24 18:27:52" updateddate="2019-11-24 18:27:52" PackOutVer="005">
    <table AD_Table_ID="54258" Name="Order Freight" ADTableNameID="DD_Freight" ADWindowNameID="Freight Order" POWindowNameID="" ADValRuleNameID="" AccessLevel="3" Description="Order Freight" EntityType="EE03" Help="" ImportTable="N" isChangeLog="false" isActive="true" isDeleteable="true" isHighVolume="false" isSecurityEnabled="false" isView="false" LoadSeq="" ReplicationType="L" TableName="DD_Freight">
        <element AD_Element_ID="59465" IsActive="true" ColumnName="DD_Freight_ID" Description="" EntityType="EE03" Help="" Name="Order Freight ID" PrintName="Order Freight ID" PO_Description="" PO_Name="" PO_Help="" PO_PrintName="">
            <trl Name="Order Freight ID" Description="" Help="" PrintName="Order Freight ID" PO_Description="" PO_Help="" PO_Name="" PO_PrintName="" AD_Language="it_IT" IsActive="true" IsTranslated="false" ParentTable="AD_Element"/>
            <trl Name="Order Freight ID" Description="" Help="" PrintName="Order Freight ID" PO_Description="" PO_Help="" PO_Name="" PO_PrintName="" AD_Language="fr_FR" IsActive="true" IsTranslated="false" ParentTable="AD_Element"/>
            <trl Name="Order Freight ID" Description="" Help="" PrintName="Order Freight ID" PO_Description="" PO_Help="" PO_Name="" PO_PrintName="" AD_Language="de_DE" IsActive="true" IsTranslated="false" ParentTable="AD_Element"/>
            <trl Name="Order Freight ID" Description="" Help="" PrintName="Order Freight ID" PO_Description="" PO_Help="" PO_Name="" PO_PrintName="" AD_Language="es_MX" IsActive="true" IsTranslated="false" ParentTable="AD_Element"/>
        </element>
        <reference AD_Reference_ID="13" name="ID" Description="10 Digit Identifier" EntityType="D" Help="" Name="ID" isActive="true" VFormat="" ValidationType="D"/>
        <column AD_Column_ID="83721" ADColumnNameID="DD_Freight_ID" ADProcessNameID="" ADElementNameID="DD_Freight_ID" ADReferenceNameID="ID" ADReferenceNameValueID="" ADTableNameID="DD_Freight" ADValRuleNameID="" Callout="" ColumnSQL="" ColumnName="DD_Freight_ID" DefaultValue="" Description="" EntityType="EE03" FieldLength="22" Help="" isAlwaysUpdateable="false" isIdentifier="false" isKey="true" isMandatory="true" isParent="false" isSelectionColumn="false" isActive="true" isTranslated="false" isUpdateable="false" Name="Order Freight ID" getIsSyncDatabase="Y" ReadOnlyLogic="" SeqNo="0" VFormat="" ValueMax="" ValueMin="" Version="1" InfoFactoryClass=""/>
        <element AD_Element_ID="102" IsActive="true" ColumnName="AD_Client_ID" Description="Client/Tenant for this installation." EntityType="D" Help="A Client is a company or a legal entity. You cannot share data between Clients. Tenant is a synonym for Client." Name="Client" PrintName="Client" PO_Description="" PO_Name="" PO_Help="" PO_PrintName="">
            <trl Name="Compañía" Description="Cliente para esta instalación" Help="Compañía ó entidad legal" PrintName="Compañía" PO_Description="" PO_Help="" PO_Name="" PO_PrintName="" AD_Language="es_MX" IsActive="true" IsTranslated="false" ParentTable="AD_Element"/>
            <trl Name="Azienda (Client)" Description="Client per questa installazione" Help="Un Client è una Azienda o un'entità legale.  Due Client non possono condividere gli stessi dati." PrintName="Azienda (Client)" PO_Description="" PO_Help="" PO_Name="" PO_PrintName="" AD_Language="it_IT" IsActive="true" IsTranslated="false" ParentTable="AD_Element"/>
            <trl Name="Client" Description="" Help="" PrintName="Client" PO_Description="" PO_Help="" PO_Name="" PO_PrintName="" AD_Language="fr_FR" IsActive="true" IsTranslated="false" ParentTable="AD_Element"/>
            <trl Name="Client" Description="" Help="" PrintName="Client" PO_Description="" PO_Help="" PO_Name="" PO_PrintName="" AD_Language="de_DE" IsActive="true" IsTranslated="false" ParentTable="AD_Element"/>
        </element>
        <reference AD_Reference_ID="19" name="Table Direct" Description="Direct Table Access" EntityType="D" Help="" Name="Table Direct" isActive="true" VFormat="" ValidationType="D"/>
        <dynvalrule AD_Val_Rule_ID="129" Name="AD_Client Trx Security validation" Code="AD_Client.AD_Client_ID &lt;&gt; 0" Description="" EntityType="NECTOSOFT" Type="S" isActive="true"/>
        <column AD_Column_ID="83714" ADColumnNameID="AD_Client_ID" ADProcessNameID="" ADElementNameID="AD_Client_ID" ADReferenceNameID="Table Direct" ADReferenceNameValueID="" ADTableNameID="DD_Freight" ADValRuleNameID="AD_Client Trx Security validation" Callout="" ColumnSQL="" ColumnName="AD_Client_ID" DefaultValue="@#AD_Client_ID@" Description="Client/Tenant for this installation." EntityType="EE03" FieldLength="22" Help="A Client is a company or a legal entity. You cannot share data between Clients. Tenant is a synonym for Client." isAlwaysUpdateable="false" isIdentifier="false" isKey="false" isMandatory="true" isParent="false" isSelectionColumn="false" isActive="true" isTranslated="false" isUpdateable="true" Name="Client" getIsSyncDatabase="Y" ReadOnlyLogic="" SeqNo="0" VFormat="" ValueMax="" ValueMin="" Version="1" InfoFactoryClass=""/>
        <element AD_Element_ID="113" IsActive="true" ColumnName="AD_Org_ID" Description="Organizational entity within client" EntityType="D" Help="An organization is a unit of your client or legal entity - examples are store, department. You can share data between organizations." Name="Organization" PrintName="Organization" PO_Description="" PO_Name="" PO_Help="" PO_PrintName="">
            <trl Name="Organización" Description="Entidad organizacional dentro de la compañía" Help="Una organización es una unidad de la compañía ó entidad legal - Ej. Tiendas y departamentos." PrintName="Organización" PO_Description="" PO_Help="" PO_Name="" PO_PrintName="" AD_Language="es_MX" IsActive="true" IsTranslated="false" ParentTable="AD_Element"/>
            <trl Name="Organizzazione" Description="Entità organizzativa all'interno dell'Azienda" Help="Una Organizzazione rappresenta un settore dell'Azienda o entità legale - esempi sono un negozio o dipartimento. E' possibile condividere dati tra le diverse Organizzazioni." PrintName="Organizzazione" PO_Description="" PO_Help="" PO_Name="" PO_PrintName="" AD_Language="it_IT" IsActive="true" IsTranslated="false" ParentTable="AD_Element"/>
            <trl Name="Organization" Description="" Help="" PrintName="Organization" PO_Description="" PO_Help="" PO_Name="" PO_PrintName="" AD_Language="fr_FR" IsActive="true" IsTranslated="false" ParentTable="AD_Element"/>
            <trl Name="Organization" Description="" Help="" PrintName="Organization" PO_Description="" PO_Help="" PO_Name="" PO_PrintName="" AD_Language="de_DE" IsActive="true" IsTranslated="false" ParentTable="AD_Element"/>
        </element>
        <dynvalrule AD_Val_Rule_ID="104" Name="AD_Org Security validation" Code="(AD_Org.IsSummary='N' OR AD_Org.AD_Org_ID=0)" Description="Not Summary - 0 - Organizations of the Client with user acces rights" EntityType="NECTOSOFT" Type="S" isActive="true"/>
        <column AD_Column_ID="83715" ADColumnNameID="AD_Org_ID" ADProcessNameID="" ADElementNameID="AD_Org_ID" ADReferenceNameID="Table Direct" ADReferenceNameValueID="" ADTableNameID="DD_Freight" ADValRuleNameID="AD_Org Security validation" Callout="" ColumnSQL="" ColumnName="AD_Org_ID" DefaultValue="@#AD_Org_ID@" Description="Organizational entity within client" EntityType="EE03" FieldLength="22" Help="An organization is a unit of your client or legal entity - examples are store, department. You can share data between organizations." isAlwaysUpdateable="false" isIdentifier="false" isKey="false" isMandatory="true" isParent="false" isSelectionColumn="false" isActive="true" isTranslated="false" isUpdateable="true" Name="Organization" getIsSyncDatabase="Y" ReadOnlyLogic="" SeqNo="0" VFormat="" ValueMax="" ValueMin="" Version="1" InfoFactoryClass=""/>
        <element AD_Element_ID="348" IsActive="true" ColumnName="IsActive" Description="The record is active in the system" EntityType="D" Help="There are two methods of making records unavailable in the system: One is to delete the record, the other is to de-activate the record. A de-activated record is not available for selection, but available for reports.&#10;There are two reasons for de-activating and not deleting records:&#10;(1) The system requires the record for audit purposes.&#10;(2) The record is referenced by other records. E.g., you cannot delete a Business Partner, if there are invoices for this partner record existing. You de-activate the Business Partner and prevent that this record is used for future entries." Name="Active" PrintName="Active" PO_Description="" PO_Name="" PO_Help="" PO_PrintName="">
            <trl Name="Activo" Description="El registro está activo en el sistema" Help="Hay dos métodos para que los registros no estén disponibles en el sistema: Uno es eliminar el registro; el otro es desactivarlo. Un registro desactivado no está disponible para selección; pero está disponible para Informes" PrintName="Activo" PO_Description="" PO_Help="" PO_Name="" PO_PrintName="" AD_Language="es_MX" IsActive="true" IsTranslated="false" ParentTable="AD_Element"/>
            <trl Name="Attivo" Description="Il record (dato, anagrafica) è attivo nel sistema" Help="Ci sono due metodi per rendere un record indisponibile al sistema: Uno è la cancellazione, l'altra e la disattivazione. Un record disattivato non è disponibile per la selezione ma ne viene comunque tenuto conto nei report. Ci sono due ragioni per disattivare un record invece di cancellarlo: (1) sel il sistema richiede la conservazione del dato per ragioni di verifica. (2) se il dato è citato all'interno di altri record per ragioni di integrità referenziale. Ad esempio non si può eliminare un Business Partner se esistono Ordini o Fatture riferite ad esso. Disattivandolo si ottiene che esso non potrà più essere utilizzato nei documenti futuri." PrintName="Attivo" PO_Description="" PO_Help="" PO_Name="" PO_PrintName="" AD_Language="it_IT" IsActive="true" IsTranslated="false" ParentTable="AD_Element"/>
            <trl Name="Active" Description="" Help="" PrintName="Active" PO_Description="" PO_Help="" PO_Name="" PO_PrintName="" AD_Language="fr_FR" IsActive="true" IsTranslated="false" ParentTable="AD_Element"/>
            <trl Name="Active" Description="" Help="" PrintName="Active" PO_Description="" PO_Help="" PO_Name="" PO_PrintName="" AD_Language="de_DE" IsActive="true" IsTranslated="false" ParentTable="AD_Element"/>
        </element>
        <reference AD_Reference_ID="20" name="Yes-No" Description="CheckBox" EntityType="D" Help="" Name="Yes-No" isActive="true" VFormat="" ValidationType="D"/>
        <column AD_Column_ID="83716" ADColumnNameID="IsActive" ADProcessNameID="" ADElementNameID="IsActive" ADReferenceNameID="Yes-No" ADReferenceNameValueID="" ADTableNameID="DD_Freight" ADValRuleNameID="" Callout="" ColumnSQL="" ColumnName="IsActive" DefaultValue="Y" Description="The record is active in the system" EntityType="EE03" FieldLength="1" Help="There are two methods of making records unavailable in the system: One is to delete the record, the other is to de-activate the record. A de-activated record is not available for selection, but available for reports.There are two reasons for de-activating and not deleting records:(1) The system requires the record for audit purposes.(2) The record is referenced by other records. E.g., you cannot delete a Business Partner, if there are invoices for this partner record existing. You de-activate the Business Partner and prevent that this record is used for future entries." isAlwaysUpdateable="false" isIdentifier="false" isKey="false" isMandatory="true" isParent="false" isSelectionColumn="false" isActive="true" isTranslated="false" isUpdateable="true" Name="Active" getIsSyncDatabase="Y" ReadOnlyLogic="" SeqNo="0" VFormat="" ValueMax="" ValueMin="" Version="1" InfoFactoryClass=""/>
        <element AD_Element_ID="245" IsActive="true" ColumnName="Created" Description="Date this record was created" EntityType="D" Help="The Created field indicates the date that this record was created." Name="Created" PrintName="Created" PO_Description="" PO_Name="" PO_Help="" PO_PrintName="">
            <trl Name="Creado" Description="Fecha de creación de este registro" Help="El campo creado indica la fecha en que este registro fue creado" PrintName="Creado" PO_Description="" PO_Help="" PO_Name="" PO_PrintName="" AD_Language="es_MX" IsActive="true" IsTranslated="false" ParentTable="AD_Element"/>
            <trl Name="Creato" Description="Data in cui questo Record è stato creato" Help="Il campo Creato indica la data in cui questo Record è stato creato." PrintName="Creato" PO_Description="" PO_Help="" PO_Name="" PO_PrintName="" AD_Language="it_IT" IsActive="true" IsTranslated="false" ParentTable="AD_Element"/>
            <trl Name="Created" Description="" Help="" PrintName="Created" PO_Description="" PO_Help="" PO_Name="" PO_PrintName="" AD_Language="fr_FR" IsActive="true" IsTranslated="false" ParentTable="AD_Element"/>
            <trl Name="Created" Description="" Help="" PrintName="Created" PO_Description="" PO_Help="" PO_Name="" PO_PrintName="" AD_Language="de_DE" IsActive="true" IsTranslated="false" ParentTable="AD_Element"/>
        </element>
        <reference AD_Reference_ID="16" name="Date+Time" Description="Date with time" EntityType="D" Help="" Name="Date+Time" isActive="true" VFormat="" ValidationType="D"/>
        <column AD_Column_ID="83717" ADColumnNameID="Created" ADProcessNameID="" ADElementNameID="Created" ADReferenceNameID="Date+Time" ADReferenceNameValueID="" ADTableNameID="DD_Freight" ADValRuleNameID="" Callout="" ColumnSQL="" ColumnName="Created" DefaultValue="" Description="Date this record was created" EntityType="EE03" FieldLength="7" Help="The Created field indicates the date that this record was created." isAlwaysUpdateable="false" isIdentifier="false" isKey="false" isMandatory="true" isParent="false" isSelectionColumn="false" isActive="true" isTranslated="false" isUpdateable="true" Name="Created" getIsSyncDatabase="Y" ReadOnlyLogic="" SeqNo="0" VFormat="" ValueMax="" ValueMin="" Version="1" InfoFactoryClass=""/>
        <element AD_Element_ID="607" IsActive="true" ColumnName="Updated" Description="Date this record was updated" EntityType="D" Help="The Updated field indicates the date that this record was updated." Name="Updated" PrintName="Updated" PO_Description="" PO_Name="" PO_Help="" PO_PrintName="">
            <trl Name="Actualizado" Description="Permite ver si algún registro en especifico esta actualizado" Help="Permite ver si algún registro en especifico esta actualizado" PrintName="Actualizado" PO_Description="" PO_Help="" PO_Name="" PO_PrintName="" AD_Language="es_MX" IsActive="true" IsTranslated="false" ParentTable="AD_Element"/>
            <trl Name="Modificato" Description="Data di aggiornamento di questo Record" Help="Il campo Modificato indica la data nel quale il Record è stato aggiornato l'ultima volta." PrintName="Modificato" PO_Description="" PO_Help="" PO_Name="" PO_PrintName="" AD_Language="it_IT" IsActive="true" IsTranslated="false" ParentTable="AD_Element"/>
            <trl Name="Updated" Description="" Help="" PrintName="Updated" PO_Description="" PO_Help="" PO_Name="" PO_PrintName="" AD_Language="fr_FR" IsActive="true" IsTranslated="false" ParentTable="AD_Element"/>
            <trl Name="Updated" Description="" Help="" PrintName="Updated" PO_Description="" PO_Help="" PO_Name="" PO_PrintName="" AD_Language="de_DE" IsActive="true" IsTranslated="false" ParentTable="AD_Element"/>
        </element>
        <column AD_Column_ID="83718" ADColumnNameID="Updated" ADProcessNameID="" ADElementNameID="Updated" ADReferenceNameID="Date+Time" ADReferenceNameValueID="" ADTableNameID="DD_Freight" ADValRuleNameID="" Callout="" ColumnSQL="" ColumnName="Updated" DefaultValue="" Description="Date this record was updated" EntityType="EE03" FieldLength="7" Help="The Updated field indicates the date that this record was updated." isAlwaysUpdateable="false" isIdentifier="false" isKey="false" isMandatory="true" isParent="false" isSelectionColumn="false" isActive="true" isTranslated="false" isUpdateable="true" Name="Updated" getIsSyncDatabase="Y" ReadOnlyLogic="" SeqNo="0" VFormat="" ValueMax="" ValueMin="" Version="1" InfoFactoryClass=""/>
        <element AD_Element_ID="246" IsActive="true" ColumnName="CreatedBy" Description="User who created this records" EntityType="D" Help="The Created By field indicates the user who created this record." Name="Created By" PrintName="Created By" PO_Description="" PO_Name="" PO_Help="" PO_PrintName="">
            <trl Name="Creado Por" Description="Usuario que creó este registro" Help="El campo creado por indica el usuario que creó este registro" PrintName="Creado Por" PO_Description="" PO_Help="" PO_Name="" PO_PrintName="" AD_Language="es_MX" IsActive="true" IsTranslated="false" ParentTable="AD_Element"/>
            <trl Name="Creato Da" Description="Utente che ha creato il record" Help="Il campo Creato Da  indica l'utente che ha creato il record." PrintName="Creato Da" PO_Description="" PO_Help="" PO_Name="" PO_PrintName="" AD_Language="it_IT" IsActive="true" IsTranslated="false" ParentTable="AD_Element"/>
            <trl Name="Created By" Description="" Help="" PrintName="Created By" PO_Description="" PO_Help="" PO_Name="" PO_PrintName="" AD_Language="fr_FR" IsActive="true" IsTranslated="false" ParentTable="AD_Element"/>
            <trl Name="Created By" Description="" Help="" PrintName="Created By" PO_Description="" PO_Help="" PO_Name="" PO_PrintName="" AD_Language="de_DE" IsActive="true" IsTranslated="false" ParentTable="AD_Element"/>
        </element>
        <reference AD_Reference_ID="18" name="Table" Description="Table List" EntityType="D" Help="" Name="Table" isActive="true" VFormat="" ValidationType="D"/>
        <reference AD_Reference_ID="110" name="AD_User" Description="User selection" EntityType="D" Help="" Name="AD_User" isActive="true" VFormat="" ValidationType="T">
            <referencetable AD_Reference_ID="110" ADRefenceNameID="AD_User" ADTableNameID="AD_User" ADDisplay="Name" Key="AD_User_ID" EntityType="D" IsValueDisplayed="N" OrderByClause="AD_User.Name" isActive="Y" WhereClause=""/>
        </reference>
        <column AD_Column_ID="83719" ADColumnNameID="CreatedBy" ADProcessNameID="" ADElementNameID="CreatedBy" ADReferenceNameID="Table" ADReferenceNameValueID="AD_User" ADTableNameID="DD_Freight" ADValRuleNameID="" Callout="" ColumnSQL="" ColumnName="CreatedBy" DefaultValue="" Description="User who created this records" EntityType="EE03" FieldLength="22" Help="The Created By field indicates the user who created this record." isAlwaysUpdateable="false" isIdentifier="false" isKey="false" isMandatory="true" isParent="false" isSelectionColumn="false" isActive="true" isTranslated="false" isUpdateable="true" Name="Created By" getIsSyncDatabase="Y" ReadOnlyLogic="" SeqNo="0" VFormat="" ValueMax="" ValueMin="" Version="1" InfoFactoryClass=""/>
        <element AD_Element_ID="608" IsActive="true" ColumnName="UpdatedBy" Description="User who updated this records" EntityType="D" Help="The Updated By field indicates the user who updated this record." Name="Updated By" PrintName="Updated By" PO_Description="" PO_Name="" PO_Help="" PO_PrintName="">
            <trl Name="Actualizado por" Description="" Help="" PrintName="Actualizado por" PO_Description="" PO_Help="" PO_Name="" PO_PrintName="" AD_Language="es_MX" IsActive="true" IsTranslated="false" ParentTable="AD_Element"/>
            <trl Name="Aggiornato Da" Description="L'Utente che ha aggiornato il Record" Help="Il campo identifica l'Utente che ha aggiornato il Record." PrintName="Aggiornato Da" PO_Description="" PO_Help="" PO_Name="" PO_PrintName="" AD_Language="it_IT" IsActive="true" IsTranslated="false" ParentTable="AD_Element"/>
            <trl Name="Updated By" Description="" Help="" PrintName="Updated By" PO_Description="" PO_Help="" PO_Name="" PO_PrintName="" AD_Language="fr_FR" IsActive="true" IsTranslated="false" ParentTable="AD_Element"/>
            <trl Name="Updated By" Description="" Help="" PrintName="Updated By" PO_Description="" PO_Help="" PO_Name="" PO_PrintName="" AD_Language="de_DE" IsActive="true" IsTranslated="false" ParentTable="AD_Element"/>
        </element>
        <column AD_Column_ID="83720" ADColumnNameID="UpdatedBy" ADProcessNameID="" ADElementNameID="UpdatedBy" ADReferenceNameID="Table" ADReferenceNameValueID="AD_User" ADTableNameID="DD_Freight" ADValRuleNameID="" Callout="" ColumnSQL="" ColumnName="UpdatedBy" DefaultValue="" Description="User who updated this records" EntityType="EE03" FieldLength="22" Help="The Updated By field indicates the user who updated this record." isAlwaysUpdateable="false" isIdentifier="false" isKey="false" isMandatory="true" isParent="false" isSelectionColumn="false" isActive="true" isTranslated="false" isUpdateable="true" Name="Updated By" getIsSyncDatabase="Y" ReadOnlyLogic="" SeqNo="0" VFormat="" ValueMax="" ValueMin="" Version="1" InfoFactoryClass=""/>
        <element AD_Element_ID="455" IsActive="true" ColumnName="M_Shipper_ID" Description="Method or manner of product delivery" EntityType="D" Help="The Shipper indicates the method of delivering product" Name="Shipper" PrintName="Shipper" PO_Description="" PO_Name="" PO_Help="" PO_PrintName="">
            <trl Name="Transportista" Description="Método ó manera de entrega del producto" Help="El transportista indica el responsable de entregar el producto" PrintName="Transportista" PO_Description="" PO_Help="" PO_Name="" PO_PrintName="" AD_Language="es_MX" IsActive="true" IsTranslated="false" ParentTable="AD_Element"/>
            <trl Name="Trasportatore" Description="Metodo o mezzo per la spedizione del prodotto" Help="Il Trasportatore indica il metodo per la spedizione del prodotto." PrintName="Trasportatore" PO_Description="" PO_Help="" PO_Name="" PO_PrintName="" AD_Language="it_IT" IsActive="true" IsTranslated="false" ParentTable="AD_Element"/>
            <trl Name="Shipper" Description="" Help="" PrintName="Shipper" PO_Description="" PO_Help="" PO_Name="" PO_PrintName="" AD_Language="fr_FR" IsActive="true" IsTranslated="false" ParentTable="AD_Element"/>
            <trl Name="Shipper" Description="" Help="" PrintName="Shipper" PO_Description="" PO_Help="" PO_Name="" PO_PrintName="" AD_Language="de_DE" IsActive="true" IsTranslated="false" ParentTable="AD_Element"/>
        </element>
        <column AD_Column_ID="83722" ADColumnNameID="M_Shipper_ID" ADProcessNameID="" ADElementNameID="M_Shipper_ID" ADReferenceNameID="Table Direct" ADReferenceNameValueID="" ADTableNameID="DD_Freight" ADValRuleNameID="" Callout="" ColumnSQL="" ColumnName="M_Shipper_ID" DefaultValue="" Description="Method or manner of product delivery" EntityType="EE03" FieldLength="22" Help="The Shipper indicates the method of delivering product" isAlwaysUpdateable="false" isIdentifier="false" isKey="false" isMandatory="true" isParent="false" isSelectionColumn="false" isActive="true" isTranslated="false" isUpdateable="true" Name="Shipper" getIsSyncDatabase="Y" ReadOnlyLogic="" SeqNo="0" VFormat="" ValueMax="" ValueMin="" Version="0" InfoFactoryClass=""/>
        <element AD_Element_ID="2111" IsActive="true" ColumnName="M_FreightCategory_ID" Description="Category of the Freight" EntityType="D" Help="Freight Categories are used to calculate the Freight for the Shipper selected" Name="Freight Category" PrintName="Freight Category" PO_Description="" PO_Name="" PO_Help="" PO_PrintName="">
            <trl Name="Categoría de Fletes" Description="Categoría de Fletes" Help="Las categorías de fletes se utilizan para calcular los fletes del expedidor seleccionado" PrintName="Categoría de Fletes" PO_Description="" PO_Help="" PO_Name="" PO_PrintName="" AD_Language="es_MX" IsActive="true" IsTranslated="false" ParentTable="AD_Element"/>
            <trl Name="Categoria Trasporto" Description="Categoria del Trasporto" Help="Le Categorie di Trasporto sono usate per calcolare il costo di Trasporto per lo Spedizioniere selezionato" PrintName="Categoria Trasporto" PO_Description="" PO_Help="" PO_Name="" PO_PrintName="" AD_Language="it_IT" IsActive="true" IsTranslated="false" ParentTable="AD_Element"/>
            <trl Name="Freight Category" Description="" Help="" PrintName="Freight Category" PO_Description="" PO_Help="" PO_Name="" PO_PrintName="" AD_Language="fr_FR" IsActive="true" IsTranslated="false" ParentTable="AD_Element"/>
            <trl Name="Freight Category" Description="" Help="" PrintName="Freight Category" PO_Description="" PO_Help="" PO_Name="" PO_PrintName="" AD_Language="de_DE" IsActive="true" IsTranslated="false" ParentTable="AD_Element"/>
        </element>
        <column AD_Column_ID="83723" ADColumnNameID="M_FreightCategory_ID" ADProcessNameID="" ADElementNameID="M_FreightCategory_ID" ADReferenceNameID="Table Direct" ADReferenceNameValueID="" ADTableNameID="DD_Freight" ADValRuleNameID="" Callout="" ColumnSQL="" ColumnName="M_FreightCategory_ID" DefaultValue="" Description="Category of the Freight" EntityType="EE03" FieldLength="22" Help="Freight Categories are used to calculate the Freight for the Shipper selected" isAlwaysUpdateable="false" isIdentifier="false" isKey="false" isMandatory="false" isParent="false" isSelectionColumn="false" isActive="true" isTranslated="false" isUpdateable="true" Name="Freight Category" getIsSyncDatabase="Y" ReadOnlyLogic="" SeqNo="0" VFormat="" ValueMax="" ValueMin="" Version="0" InfoFactoryClass=""/>
        <element AD_Element_ID="1007" IsActive="true" ColumnName="FreightCostRule" Description="Method for charging Freight" EntityType="D" Help="The Freight Cost Rule indicates the method used when charging for freight." Name="Freight Cost Rule" PrintName="Freight Cost Rule" PO_Description="" PO_Name="" PO_Help="" PO_PrintName="">
            <trl Name="Regla de Costo de Flete" Description="Método para cargar el flete" Help="La regla de costo de flete indica el método usado para cargar los fletes." PrintName="Regla de Costo de Flete" PO_Description="" PO_Help="" PO_Name="" PO_PrintName="" AD_Language="es_MX" IsActive="true" IsTranslated="false" ParentTable="AD_Element"/>
            <trl Name="Regole Spese di Trasporto" Description="Metodo per il calcolo delle Spese di Trasporto" Help="Identifica il metodo di calcolo delle Spese di Trasporto (Incluso,Fisso,Calcolato,Linea)" PrintName="Regole Spese di Trasporto" PO_Description="" PO_Help="" PO_Name="" PO_PrintName="" AD_Language="it_IT" IsActive="true" IsTranslated="true" ParentTable="AD_Element"/>
            <trl Name="Freight Cost Rule" Description="" Help="" PrintName="Freight Cost Rule" PO_Description="" PO_Help="" PO_Name="" PO_PrintName="" AD_Language="fr_FR" IsActive="true" IsTranslated="false" ParentTable="AD_Element"/>
            <trl Name="Freight Cost Rule" Description="" Help="" PrintName="Freight Cost Rule" PO_Description="" PO_Help="" PO_Name="" PO_PrintName="" AD_Language="de_DE" IsActive="true" IsTranslated="false" ParentTable="AD_Element"/>
        </element>
        <reference AD_Reference_ID="17" name="List" Description="Reference List" EntityType="D" Help="" Name="List" isActive="true" VFormat="" ValidationType="D"/>
        <reference AD_Reference_ID="153" name="C_Order FreightCostRule" Description="Freight cost Rule list" EntityType="D" Help="" Name="C_Order FreightCostRule" isActive="true" VFormat="" ValidationType="L">
            <referencelist AD_Ref_List_ID="227" ADReflistNameID="Calculated" ADRefenceNameID="C_Order FreightCostRule" Description="Calculated based on Product Freight Rule" EntityType="D" Name="Calculated" isActive="false" Value="C"/>
            <referencelist AD_Ref_List_ID="226" ADReflistNameID="Fix price" ADRefenceNameID="C_Order FreightCostRule" Description="Fixed freight price" EntityType="D" Name="Fix price" isActive="false" Value="F"/>
            <referencelist AD_Ref_List_ID="225" ADReflistNameID="Freight included" ADRefenceNameID="C_Order FreightCostRule" Description="Freight cost included" EntityType="D" Name="Freight included" isActive="true" Value="I"/>
            <referencelist AD_Ref_List_ID="228" ADReflistNameID="Line" ADRefenceNameID="C_Order FreightCostRule" Description="Entered at Line level" EntityType="D" Name="Line" isActive="false" Value="L"/>
        </reference>
        <column AD_Column_ID="83724" ADColumnNameID="FreightCostRule" ADProcessNameID="" ADElementNameID="FreightCostRule" ADReferenceNameID="List" ADReferenceNameValueID="C_Order FreightCostRule" ADTableNameID="DD_Freight" ADValRuleNameID="" Callout="" ColumnSQL="" ColumnName="FreightCostRule" DefaultValue="" Description="Method for charging Freight" EntityType="EE03" FieldLength="1" Help="The Freight Cost Rule indicates the method used when charging for freight." isAlwaysUpdateable="false" isIdentifier="false" isKey="false" isMandatory="false" isParent="false" isSelectionColumn="false" isActive="true" isTranslated="false" isUpdateable="true" Name="Freight Cost Rule" getIsSyncDatabase="Y" ReadOnlyLogic="" SeqNo="0" VFormat="" ValueMax="" ValueMin="" Version="0" InfoFactoryClass=""/>
        <element AD_Element_ID="306" IsActive="true" ColumnName="FreightAmt" Description="Freight Amount " EntityType="D" Help="The Freight Amount indicates the amount charged for Freight in the document currency." Name="Freight Amount" PrintName="Freight Amt" PO_Description="" PO_Name="" PO_Help="" PO_PrintName="">
            <trl Name="Total de Flete" Description="Total de la entrega" Help="El Total del Flete indica el total cargado por flete en la moneda del documento" PrintName="Total de Flete" PO_Description="" PO_Help="" PO_Name="" PO_PrintName="" AD_Language="es_MX" IsActive="true" IsTranslated="true" ParentTable="AD_Element"/>
            <trl Name="Spese di Trasporto" Description="Spese di Trasporto" Help="I'Importo Spesse di Trasporto indica l'importo del costo del trasporto nella valuta del documento." PrintName="Spese di Trasporto" PO_Description="" PO_Help="" PO_Name="" PO_PrintName="" AD_Language="it_IT" IsActive="true" IsTranslated="true" ParentTable="AD_Element"/>
            <trl Name="Freight Amount" Description="" Help="" PrintName="Freight Amt" PO_Description="" PO_Help="" PO_Name="" PO_PrintName="" AD_Language="fr_FR" IsActive="true" IsTranslated="false" ParentTable="AD_Element"/>
            <trl Name="Freight Amount" Description="" Help="" PrintName="Freight Amt" PO_Description="" PO_Help="" PO_Name="" PO_PrintName="" AD_Language="de_DE" IsActive="true" IsTranslated="false" ParentTable="AD_Element"/>
        </element>
        <reference AD_Reference_ID="12" name="Amount" Description="Number with 4 decimals" EntityType="D" Help="" Name="Amount" isActive="true" VFormat="" ValidationType="D"/>
        <column AD_Column_ID="83725" ADColumnNameID="FreightAmt" ADProcessNameID="" ADElementNameID="FreightAmt" ADReferenceNameID="Amount" ADReferenceNameValueID="" ADTableNameID="DD_Freight" ADValRuleNameID="" Callout="" ColumnSQL="" ColumnName="FreightAmt" DefaultValue="" Description="Freight Amount " EntityType="EE03" FieldLength="22" Help="The Freight Amount indicates the amount charged for Freight in the document currency." isAlwaysUpdateable="false" isIdentifier="false" isKey="false" isMandatory="false" isParent="false" isSelectionColumn="false" isActive="true" isTranslated="false" isUpdateable="true" Name="Freight Amount" getIsSyncDatabase="Y" ReadOnlyLogic="" SeqNo="0" VFormat="" ValueMax="" ValueMin="" Version="0" InfoFactoryClass=""/>
        <element AD_Element_ID="59458" IsActive="true" ColumnName="DD_Vehicle_ID" Description="" EntityType="EE03" Help="" Name="Vehicle" PrintName="Vehicle" PO_Description="" PO_Name="" PO_Help="" PO_PrintName="">
            <trl Name="Vehicle ID" Description="" Help="" PrintName="Vehicle ID" PO_Description="" PO_Help="" PO_Name="" PO_PrintName="" AD_Language="it_IT" IsActive="true" IsTranslated="false" ParentTable="AD_Element"/>
            <trl Name="Vehicle ID" Description="" Help="" PrintName="Vehicle ID" PO_Description="" PO_Help="" PO_Name="" PO_PrintName="" AD_Language="fr_FR" IsActive="true" IsTranslated="false" ParentTable="AD_Element"/>
            <trl Name="Vehicle ID" Description="" Help="" PrintName="Vehicle ID" PO_Description="" PO_Help="" PO_Name="" PO_PrintName="" AD_Language="de_DE" IsActive="true" IsTranslated="false" ParentTable="AD_Element"/>
            <trl Name="Vehicle ID" Description="" Help="" PrintName="Vehicle ID" PO_Description="" PO_Help="" PO_Name="" PO_PrintName="" AD_Language="es_MX" IsActive="true" IsTranslated="false" ParentTable="AD_Element"/>
        </element>
        <column AD_Column_ID="83726" ADColumnNameID="DD_Vehicle_ID" ADProcessNameID="" ADElementNameID="DD_Vehicle_ID" ADReferenceNameID="Table Direct" ADReferenceNameValueID="" ADTableNameID="DD_Freight" ADValRuleNameID="" Callout="" ColumnSQL="" ColumnName="DD_Vehicle_ID" DefaultValue="" Description="" EntityType="EE03" FieldLength="22" Help="" isAlwaysUpdateable="false" isIdentifier="false" isKey="false" isMandatory="false" isParent="false" isSelectionColumn="false" isActive="true" isTranslated="false" isUpdateable="true" Name="Vehicle" getIsSyncDatabase="Y" ReadOnlyLogic="" SeqNo="0" VFormat="" ValueMax="" ValueMin="" Version="0" InfoFactoryClass=""/>
        <element AD_Element_ID="59452" IsActive="true" ColumnName="DD_Driver_ID" Description="" EntityType="EE03" Help="" Name="Driver" PrintName="Driver" PO_Description="" PO_Name="" PO_Help="" PO_PrintName="">
            <trl Name="Driver ID" Description="" Help="" PrintName="Driver ID" PO_Description="" PO_Help="" PO_Name="" PO_PrintName="" AD_Language="it_IT" IsActive="true" IsTranslated="false" ParentTable="AD_Element"/>
            <trl Name="Driver ID" Description="" Help="" PrintName="Driver ID" PO_Description="" PO_Help="" PO_Name="" PO_PrintName="" AD_Language="fr_FR" IsActive="true" IsTranslated="false" ParentTable="AD_Element"/>
            <trl Name="Driver ID" Description="" Help="" PrintName="Driver ID" PO_Description="" PO_Help="" PO_Name="" PO_PrintName="" AD_Language="de_DE" IsActive="true" IsTranslated="false" ParentTable="AD_Element"/>
            <trl Name="Driver ID" Description="" Help="" PrintName="Driver ID" PO_Description="" PO_Help="" PO_Name="" PO_PrintName="" AD_Language="es_MX" IsActive="true" IsTranslated="false" ParentTable="AD_Element"/>
        </element>
        <column AD_Column_ID="83727" ADColumnNameID="DD_Driver_ID" ADProcessNameID="" ADElementNameID="DD_Driver_ID" ADReferenceNameID="Table Direct" ADReferenceNameValueID="" ADTableNameID="DD_Freight" ADValRuleNameID="" Callout="" ColumnSQL="" ColumnName="DD_Driver_ID" DefaultValue="" Description="" EntityType="EE03" FieldLength="22" Help="" isAlwaysUpdateable="false" isIdentifier="false" isKey="false" isMandatory="false" isParent="false" isSelectionColumn="false" isActive="true" isTranslated="false" isUpdateable="true" Name="Driver" getIsSyncDatabase="Y" ReadOnlyLogic="" SeqNo="0" VFormat="" ValueMax="" ValueMin="" Version="0" InfoFactoryClass=""/>
        <element AD_Element_ID="268" IsActive="true" ColumnName="DateOrdered" Description="Date of Order" EntityType="D" Help="Indicates the Date an item was ordered." Name="Date Ordered" PrintName="Date Ordered" PO_Description="" PO_Name="" PO_Help="" PO_PrintName="">
            <trl Name="Data Ordine" Description="Data dell'Ordine" Help="Indica la Data in cui è stato effettuato un ordine." PrintName="Data Ordine" PO_Description="" PO_Help="" PO_Name="" PO_PrintName="" AD_Language="it_IT" IsActive="true" IsTranslated="false" ParentTable="AD_Element"/>
            <trl Name="Fecha de la Orden" Description="Fecha de la orden" Help="Indica la fecha en que un artículo fue ordenada" PrintName="F. Orden" PO_Description="" PO_Help="" PO_Name="" PO_PrintName="" AD_Language="es_MX" IsActive="true" IsTranslated="false" ParentTable="AD_Element"/>
            <trl Name="Date Ordered" Description="" Help="" PrintName="Date Ordered" PO_Description="" PO_Help="" PO_Name="" PO_PrintName="" AD_Language="fr_FR" IsActive="true" IsTranslated="false" ParentTable="AD_Element"/>
            <trl Name="Date Ordered" Description="" Help="" PrintName="Date Ordered" PO_Description="" PO_Help="" PO_Name="" PO_PrintName="" AD_Language="de_DE" IsActive="true" IsTranslated="false" ParentTable="AD_Element"/>
        </element>
        <reference AD_Reference_ID="15" name="Date" Description="Date mm/dd/yyyy" EntityType="D" Help="" Name="Date" isActive="true" VFormat="" ValidationType="D"/>
        <column AD_Column_ID="83728" ADColumnNameID="DateOrdered" ADProcessNameID="" ADElementNameID="DateOrdered" ADReferenceNameID="Date" ADReferenceNameValueID="" ADTableNameID="DD_Freight" ADValRuleNameID="" Callout="" ColumnSQL="" ColumnName="DateOrdered" DefaultValue="" Description="Date of Order" EntityType="EE03" FieldLength="7" Help="Indicates the Date an item was ordered." isAlwaysUpdateable="false" isIdentifier="false" isKey="false" isMandatory="true" isParent="false" isSelectionColumn="false" isActive="true" isTranslated="false" isUpdateable="true" Name="Date Ordered" getIsSyncDatabase="Y" ReadOnlyLogic="" SeqNo="0" VFormat="" ValueMax="" ValueMin="" Version="0" InfoFactoryClass=""/>
        <element AD_Element_ID="558" IsActive="true" ColumnName="C_Order_ID" Description="Order" EntityType="D" Help="The Order is a control document.  The  Order is complete when the quantity ordered is the same as the quantity shipped and invoiced.  When you close an order, unshipped (backordered) quantities are cancelled." Name="Order" PrintName="Order" PO_Description="Purchase Order" PO_Name="Purchase Order" PO_Help="The Purchase Order is a control document.  The Purchase Order is complete when the quantity ordered is the same as the quantity shipped and invoiced.  When you close an order, unshipped (backordered) quantities are cancelled." PO_PrintName="Purchase Order">
            <trl Name="Orden de Venta" Description="Orden de Venta" Help="La ID de la orden de ventas es un identificador único de la orden de ventas; Ésta es controlada por la secuencia del documento para este tipo de documento." PrintName="Orden de Venta" PO_Description="Orden de compra" PO_Help="La compra es Identificada con un ID único de orden de compra. Esta controlado por la secuencia de este tipo de documento." PO_Name="Orden de compra" PO_PrintName="Orden de compra" AD_Language="es_MX" IsActive="true" IsTranslated="true" ParentTable="AD_Element"/>
            <trl Name="Ordine" Description="Ordine" Help="L'Ordine è un Documento di controllo. E' completo quando la quantità ordinata è uguale a quella spedita e fatturata. Quando si chiude un ordine le quantità inevase vengono cancellate." PrintName="Ordine" PO_Description="Ordine di Acquisto" PO_Help="L'Ordine di Acquisto è un Documento di controllo. E' completo quando la quantità ordinata è uguale a quella spedita e fatturata. Quando si chiude un ordine le quantità inevase vengono cancellate." PO_Name="Ordine di Acquisto" PO_PrintName="Ordine di Acquisto" AD_Language="it_IT" IsActive="true" IsTranslated="true" ParentTable="AD_Element"/>
            <trl Name="Order" Description="" Help="" PrintName="Order" PO_Description="" PO_Help="" PO_Name="" PO_PrintName="" AD_Language="fr_FR" IsActive="true" IsTranslated="false" ParentTable="AD_Element"/>
            <trl Name="Order" Description="" Help="" PrintName="Order" PO_Description="" PO_Help="" PO_Name="" PO_PrintName="" AD_Language="de_DE" IsActive="true" IsTranslated="false" ParentTable="AD_Element"/>
        </element>
        <column AD_Column_ID="83729" ADColumnNameID="C_Order_ID" ADProcessNameID="" ADElementNameID="C_Order_ID" ADReferenceNameID="Table Direct" ADReferenceNameValueID="" ADTableNameID="DD_Freight" ADValRuleNameID="" Callout="" ColumnSQL="" ColumnName="C_Order_ID" DefaultValue="" Description="Order" EntityType="EE03" FieldLength="22" Help="The Order is a control document.  The  Order is complete when the quantity ordered is the same as the quantity shipped and invoiced.  When you close an order, unshipped (backordered) quantities are cancelled." isAlwaysUpdateable="false" isIdentifier="false" isKey="false" isMandatory="false" isParent="false" isSelectionColumn="false" isActive="true" isTranslated="false" isUpdateable="true" Name="Order" getIsSyncDatabase="Y" ReadOnlyLogic="" SeqNo="0" VFormat="" ValueMax="" ValueMin="" Version="0" InfoFactoryClass=""/>
        <element AD_Element_ID="53311" IsActive="true" ColumnName="DD_Order_ID" Description="" EntityType="EE01" Help="" Name="Distribution Order" PrintName="Distribution Order" PO_Description="" PO_Name="" PO_Help="" PO_PrintName="">
            <trl Name="DD_Order_ID" Description="" Help="" PrintName="DD_Order_ID" PO_Description="" PO_Help="" PO_Name="" PO_PrintName="" AD_Language="es_MX" IsActive="true" IsTranslated="false" ParentTable="AD_Element"/>
            <trl Name="Ordine di Distribuzione" Description="" Help="" PrintName="Ordine di Distribuzione" PO_Description="" PO_Help="" PO_Name="" PO_PrintName="" AD_Language="it_IT" IsActive="true" IsTranslated="false" ParentTable="AD_Element"/>
            <trl Name="Distribution Order" Description="" Help="" PrintName="Distribution Order" PO_Description="" PO_Help="" PO_Name="" PO_PrintName="" AD_Language="fr_FR" IsActive="true" IsTranslated="false" ParentTable="AD_Element"/>
            <trl Name="Distribution Order" Description="" Help="" PrintName="Distribution Order" PO_Description="" PO_Help="" PO_Name="" PO_PrintName="" AD_Language="de_DE" IsActive="true" IsTranslated="false" ParentTable="AD_Element"/>
        </element>
        <column AD_Column_ID="83730" ADColumnNameID="DD_Order_ID" ADProcessNameID="" ADElementNameID="DD_Order_ID" ADReferenceNameID="Table Direct" ADReferenceNameValueID="" ADTableNameID="DD_Freight" ADValRuleNameID="" Callout="" ColumnSQL="" ColumnName="DD_Order_ID" DefaultValue="" Description="" EntityType="EE03" FieldLength="22" Help="" isAlwaysUpdateable="false" isIdentifier="false" isKey="false" isMandatory="false" isParent="false" isSelectionColumn="false" isActive="true" isTranslated="false" isUpdateable="true" Name="Distribution Order" getIsSyncDatabase="Y" ReadOnlyLogic="" SeqNo="0" VFormat="" ValueMax="" ValueMin="" Version="0" InfoFactoryClass=""/>
        <element AD_Element_ID="53276" IsActive="true" ColumnName="PP_Order_ID" Description="Manufacturing Order" EntityType="EE01" Help="" Name="Manufacturing Order" PrintName="Manufacturing Order" PO_Description="" PO_Name="" PO_Help="" PO_PrintName="">
            <trl Name="PP_Order_ID" Description="" Help="" PrintName="PP_Order_ID" PO_Description="" PO_Help="" PO_Name="" PO_PrintName="" AD_Language="es_MX" IsActive="true" IsTranslated="false" ParentTable="AD_Element"/>
            <trl Name="Ordine di Produzione" Description="Ordine di Produzione" Help="" PrintName="Ordine di Produzione" PO_Description="" PO_Help="" PO_Name="" PO_PrintName="" AD_Language="it_IT" IsActive="true" IsTranslated="false" ParentTable="AD_Element"/>
            <trl Name="Manufacturing Order" Description="" Help="" PrintName="Manufacturing Order" PO_Description="" PO_Help="" PO_Name="" PO_PrintName="" AD_Language="fr_FR" IsActive="true" IsTranslated="false" ParentTable="AD_Element"/>
            <trl Name="Manufacturing Order" Description="" Help="" PrintName="Manufacturing Order" PO_Description="" PO_Help="" PO_Name="" PO_PrintName="" AD_Language="de_DE" IsActive="true" IsTranslated="false" ParentTable="AD_Element"/>
        </element>
        <column AD_Column_ID="83732" ADColumnNameID="PP_Order_ID" ADProcessNameID="" ADElementNameID="PP_Order_ID" ADReferenceNameID="Table Direct" ADReferenceNameValueID="" ADTableNameID="DD_Freight" ADValRuleNameID="" Callout="" ColumnSQL="" ColumnName="PP_Order_ID" DefaultValue="" Description="Manufacturing Order" EntityType="EE03" FieldLength="10" Help="" isAlwaysUpdateable="false" isIdentifier="false" isKey="false" isMandatory="false" isParent="false" isSelectionColumn="false" isActive="true" isTranslated="false" isUpdateable="true" Name="Manufacturing Order" getIsSyncDatabase="Y" ReadOnlyLogic="" SeqNo="0" VFormat="" ValueMax="" ValueMin="" Version="0" InfoFactoryClass=""/>
        <element AD_Element_ID="290" IsActive="true" ColumnName="DocumentNo" Description="Document sequence number of the document" EntityType="D" Help="The document number is usually automatically generated by the system and determined by the document type of the document. If the document is not saved, the preliminary number is displayed in &quot;&lt;&gt;&quot;.&#10;&#10;If the document type of your document has no automatic document sequence defined, the field is empty if you create a new document. This is for documents which usually have an external number (like vendor invoice).  If you leave the field empty, the system will generate a document number for you. The document sequence used for this fallback number is defined in the &quot;Maintain Sequence&quot; window with the name &quot;DocumentNo_&lt;TableName&gt;&quot;, where TableName is the actual name of the table (e.g. C_Order)." Name="Document No" PrintName="Document No" PO_Description="" PO_Name="" PO_Help="" PO_PrintName="">
            <trl Name="No. del Documento" Description="Número de secuencia del documento para cada documento" Help="El número del documento es usualmente generado en automático por el sistema y determinado por el tipo del documento. Si el documento no se salva; el número preliminar se despliega entre &quot;&lt;&gt;&quot;" PrintName="No. del Documento" PO_Description="" PO_Help="" PO_Name="" PO_PrintName="" AD_Language="es_MX" IsActive="true" IsTranslated="false" ParentTable="AD_Element"/>
            <trl Name="N. Documento" Description="Numero di sequenza associato al Documento" Help="In genere il numero documento viene generato in automatico dal sistema ed è determinato dal tipo documento associato. Il numero provvisorio, visualizzato sui nuovi documenti prima che vengano salvati, è circondato dai simboli &lt;&gt;. Se non viene associato un numero di sequenza al tipo documento il campo resta vuoto quando si crea un nuovo record. Questo è comune per i documenti che hanno una numerazione esterna al sistema (ad esempio le Fatture Fornitori). Se si lascia il campo vuoto il sistema assegnerà comunque un numero in base a quanto stabilito nella finestra di mantenimento dei numeri di sequenza utilizzando un record col nome &quot;DocumentNo_&lt;NomeTabella&gt;&quot;, dove  NomeTabella è quello reale definito nel'A.D. (es. C_Order)." PrintName="N. Documento" PO_Description="" PO_Help="" PO_Name="" PO_PrintName="" AD_Language="it_IT" IsActive="true" IsTranslated="false" ParentTable="AD_Element"/>
            <trl Name="Document No" Description="" Help="" PrintName="Document No" PO_Description="" PO_Help="" PO_Name="" PO_PrintName="" AD_Language="fr_FR" IsActive="true" IsTranslated="false" ParentTable="AD_Element"/>
            <trl Name="Document No" Description="" Help="" PrintName="Document No" PO_Description="" PO_Help="" PO_Name="" PO_PrintName="" AD_Language="de_DE" IsActive="true" IsTranslated="false" ParentTable="AD_Element"/>
        </element>
        <reference AD_Reference_ID="10" name="String" Description="Character String" EntityType="D" Help="" Name="String" isActive="true" VFormat="" ValidationType="D"/>
        <column AD_Column_ID="83733" ADColumnNameID="DocumentNo" ADProcessNameID="" ADElementNameID="DocumentNo" ADReferenceNameID="String" ADReferenceNameValueID="" ADTableNameID="DD_Freight" ADValRuleNameID="" Callout="" ColumnSQL="" ColumnName="DocumentNo" DefaultValue="" Description="Document sequence number of the document" EntityType="EE03" FieldLength="30" Help="The document number is usually automatically generated by the system and determined by the document type of the document. If the document is not saved, the preliminary number is displayed in &quot;&lt;&gt;&quot;.&#10;&#10;If the document type of your document has no automatic document sequence defined, the field is empty if you create a new document. This is for documents which usually have an external number (like vendor invoice).  If you leave the field empty, the system will generate a document number for you. The document sequence used for this fallback number is defined in the &quot;Maintain Sequence&quot; window with the name &quot;DocumentNo_&lt;TableName&gt;&quot;, where TableName is the actual name of the table (e.g. C_Order)." isAlwaysUpdateable="false" isIdentifier="true" isKey="false" isMandatory="false" isParent="false" isSelectionColumn="true" isActive="true" isTranslated="false" isUpdateable="true" Name="Document No" getIsSyncDatabase="Y" ReadOnlyLogic="" SeqNo="1" VFormat="" ValueMax="" ValueMin="" Version="0" InfoFactoryClass=""/>
        <element AD_Element_ID="289" IsActive="true" ColumnName="DocStatus" Description="The current status of the document" EntityType="D" Help="The Document Status indicates the status of a document at this time.  If you want to change the document status, use the Document Action field" Name="Document Status" PrintName="Doc Status" PO_Description="" PO_Name="" PO_Help="" PO_PrintName="">
            <trl Name="Estado del Documento" Description="El estado actual del documento" Help="El estado del documento indica el estado del documento en este momento. Si usted quiere cambiar el estado de Documento; use el campo acción de documento" PrintName="Estado del Documento" PO_Description="" PO_Help="" PO_Name="" PO_PrintName="" AD_Language="es_MX" IsActive="true" IsTranslated="false" ParentTable="AD_Element"/>
            <trl Name="Stato del Documento" Description="Stato attuale del Documento" Help="Lo Stato del Documento rispecchia l'ultima azione che è stata effettuata sul documento. Per cambiare lo stato selezionare l'Azione corrispondente." PrintName="Stato del Documento" PO_Description="" PO_Help="" PO_Name="" PO_PrintName="" AD_Language="it_IT" IsActive="true" IsTranslated="false" ParentTable="AD_Element"/>
            <trl Name="Document Status" Description="" Help="" PrintName="Doc Status" PO_Description="" PO_Help="" PO_Name="" PO_PrintName="" AD_Language="fr_FR" IsActive="true" IsTranslated="false" ParentTable="AD_Element"/>
            <trl Name="Document Status" Description="" Help="" PrintName="Doc Status" PO_Description="" PO_Help="" PO_Name="" PO_PrintName="" AD_Language="de_DE" IsActive="true" IsTranslated="false" ParentTable="AD_Element"/>
        </element>
        <reference AD_Reference_ID="131" name="_Document Status" Description="Document Status list" EntityType="D" Help="" Name="_Document Status" isActive="true" VFormat="LL" ValidationType="L">
            <referencelist AD_Ref_List_ID="190" ADReflistNameID="Unknown" ADRefenceNameID="_Document Status" Description="" EntityType="D" Name="Unknown" isActive="true" Value="??"/>
            <referencelist AD_Ref_List_ID="166" ADReflistNameID="Approved" ADRefenceNameID="_Document Status" Description="" EntityType="D" Name="Approved" isActive="true" Value="AP"/>
            <referencelist AD_Ref_List_ID="177" ADReflistNameID="Closed" ADRefenceNameID="_Document Status" Description="" EntityType="D" Name="Closed" isActive="true" Value="CL"/>
            <referencelist AD_Ref_List_ID="165" ADReflistNameID="Completed" ADRefenceNameID="_Document Status" Description="" EntityType="D" Name="Completed" isActive="true" Value="CO"/>
            <referencelist AD_Ref_List_ID="164" ADReflistNameID="Drafted" ADRefenceNameID="_Document Status" Description="" EntityType="D" Name="Drafted" isActive="true" Value="DR"/>
            <referencelist AD_Ref_List_ID="173" ADReflistNameID="Invalid" ADRefenceNameID="_Document Status" Description="" EntityType="D" Name="Invalid" isActive="true" Value="IN"/>
            <referencelist AD_Ref_List_ID="341" ADReflistNameID="In Progress" ADRefenceNameID="_Document Status" Description="" EntityType="D" Name="In Progress" isActive="true" Value="IP"/>
            <referencelist AD_Ref_List_ID="168" ADReflistNameID="Not Approved" ADRefenceNameID="_Document Status" Description="" EntityType="D" Name="Not Approved" isActive="true" Value="NA"/>
            <referencelist AD_Ref_List_ID="176" ADReflistNameID="Reversed" ADRefenceNameID="_Document Status" Description="" EntityType="D" Name="Reversed" isActive="true" Value="RE"/>
            <referencelist AD_Ref_List_ID="172" ADReflistNameID="Voided" ADRefenceNameID="_Document Status" Description="" EntityType="D" Name="Voided" isActive="true" Value="VO"/>
            <referencelist AD_Ref_List_ID="670" ADReflistNameID="Waiting Confirmation" ADRefenceNameID="_Document Status" Description="" EntityType="D" Name="Waiting Confirmation" isActive="true" Value="WC"/>
            <referencelist AD_Ref_List_ID="346" ADReflistNameID="Waiting Payment" ADRefenceNameID="_Document Status" Description="" EntityType="D" Name="Waiting Payment" isActive="true" Value="WP"/>
        </reference>
        <column AD_Column_ID="83734" ADColumnNameID="DocStatus" ADProcessNameID="" ADElementNameID="DocStatus" ADReferenceNameID="List" ADReferenceNameValueID="_Document Status" ADTableNameID="DD_Freight" ADValRuleNameID="" Callout="" ColumnSQL="" ColumnName="DocStatus" DefaultValue="DR" Description="The current status of the document" EntityType="EE03" FieldLength="2" Help="The Document Status indicates the status of a document at this time.  If you want to change the document status, use the Document Action field" isAlwaysUpdateable="false" isIdentifier="false" isKey="false" isMandatory="false" isParent="false" isSelectionColumn="false" isActive="true" isTranslated="false" isUpdateable="true" Name="Document Status" getIsSyncDatabase="Y" ReadOnlyLogic="" SeqNo="0" VFormat="" ValueMax="" ValueMin="" Version="0" InfoFactoryClass=""/>
        <element AD_Element_ID="196" IsActive="true" ColumnName="C_DocType_ID" Description="Document type or rules" EntityType="D" Help="The Document Type determines document sequence and processing rules" Name="Document Type" PrintName="Doc Type" PO_Description="" PO_Name="" PO_Help="" PO_PrintName="">
            <trl Name="Tipo de Documento" Description="Tipo de documento ó reglas" Help="El tipo de documento determina la secuencia del documento y las reglas de proceso" PrintName="Tipo de Documento" PO_Description="" PO_Help="" PO_Name="" PO_PrintName="" AD_Language="es_MX" IsActive="true" IsTranslated="false" ParentTable="AD_Element"/>
            <trl Name="Tipo Documento" Description="Tipo o Regola del Documento" Help="Il Tipo Documento determina la sequenza del documento e le regole di elaborazione." PrintName="Tipo Documento" PO_Description="" PO_Help="" PO_Name="" PO_PrintName="" AD_Language="it_IT" IsActive="true" IsTranslated="false" ParentTable="AD_Element"/>
            <trl Name="Document Type" Description="" Help="" PrintName="Doc Type" PO_Description="" PO_Help="" PO_Name="" PO_PrintName="" AD_Language="fr_FR" IsActive="true" IsTranslated="false" ParentTable="AD_Element"/>
            <trl Name="Document Type" Description="" Help="" PrintName="Doc Type" PO_Description="" PO_Help="" PO_Name="" PO_PrintName="" AD_Language="de_DE" IsActive="true" IsTranslated="false" ParentTable="AD_Element"/>
        </element>
        <column AD_Column_ID="83735" ADColumnNameID="C_DocType_ID" ADProcessNameID="" ADElementNameID="C_DocType_ID" ADReferenceNameID="Table Direct" ADReferenceNameValueID="" ADTableNameID="DD_Freight" ADValRuleNameID="" Callout="" ColumnSQL="" ColumnName="C_DocType_ID" DefaultValue="" Description="Document type or rules" EntityType="EE03" FieldLength="22" Help="The Document Type determines document sequence and processing rules" isAlwaysUpdateable="false" isIdentifier="false" isKey="false" isMandatory="true" isParent="false" isSelectionColumn="false" isActive="true" isTranslated="false" isUpdateable="true" Name="Document Type" getIsSyncDatabase="Y" ReadOnlyLogic="" SeqNo="0" VFormat="" ValueMax="" ValueMin="" Version="1" InfoFactoryClass=""/>
        <element AD_Element_ID="265" IsActive="true" ColumnName="DateDoc" Description="Date of the Document" EntityType="D" Help="The Document Date indicates the date the document was generated.  It may or may not be the same as the accounting date." Name="Document Date" PrintName="Doc date" PO_Description="" PO_Name="" PO_Help="" PO_PrintName="">
            <trl Name="F. Documento" Description="Fecha del documento" Help="La fecha del documento indica la fecha en que el documento fue generado. Puede ó no ser la misma que la fecha contable. " PrintName="F. Documento" PO_Description="" PO_Help="" PO_Name="" PO_PrintName="" AD_Language="es_MX" IsActive="true" IsTranslated="false" ParentTable="AD_Element"/>
            <trl Name="Data del Documento" Description="Data del Documento" Help="E' la data in cui il documento è stato generato, può coincidere o meno con la data registrazione." PrintName="Data Documento" PO_Description="" PO_Help="" PO_Name="" PO_PrintName="" AD_Language="it_IT" IsActive="true" IsTranslated="false" ParentTable="AD_Element"/>
            <trl Name="Document Date" Description="" Help="" PrintName="Doc date" PO_Description="" PO_Help="" PO_Name="" PO_PrintName="" AD_Language="fr_FR" IsActive="true" IsTranslated="false" ParentTable="AD_Element"/>
            <trl Name="Document Date" Description="" Help="" PrintName="Doc date" PO_Description="" PO_Help="" PO_Name="" PO_PrintName="" AD_Language="de_DE" IsActive="true" IsTranslated="false" ParentTable="AD_Element"/>
        </element>
        <column AD_Column_ID="83736" ADColumnNameID="DateDoc" ADProcessNameID="" ADElementNameID="DateDoc" ADReferenceNameID="Date" ADReferenceNameValueID="" ADTableNameID="DD_Freight" ADValRuleNameID="" Callout="" ColumnSQL="" ColumnName="DateDoc" DefaultValue="@#Date@" Description="Date of the Document" EntityType="EE03" FieldLength="7" Help="The Document Date indicates the date the document was generated.  It may or may not be the same as the accounting date." isAlwaysUpdateable="false" isIdentifier="true" isKey="false" isMandatory="true" isParent="false" isSelectionColumn="false" isActive="true" isTranslated="false" isUpdateable="true" Name="Document Date" getIsSyncDatabase="Y" ReadOnlyLogic="" SeqNo="2" VFormat="" ValueMax="" ValueMin="" Version="1" InfoFactoryClass=""/>
        <element AD_Element_ID="1047" IsActive="true" ColumnName="Processed" Description="The document has been processed" EntityType="D" Help="The Processed checkbox indicates that a document has been processed." Name="Processed" PrintName="Processed" PO_Description="" PO_Name="" PO_Help="" PO_PrintName="">
            <trl Name="Procesado" Description="El documento ha sido procesado" Help="El cuadro de verificación procesada indica que un documento ha sido procesado" PrintName="Procesado" PO_Description="" PO_Help="" PO_Name="" PO_PrintName="" AD_Language="es_MX" IsActive="true" IsTranslated="false" ParentTable="AD_Element"/>
            <trl Name="Processato" Description="Il Documento è stato processato" Help="La spunta indica che un Documento è stato processato." PrintName="Processato" PO_Description="" PO_Help="" PO_Name="" PO_PrintName="" AD_Language="it_IT" IsActive="true" IsTranslated="false" ParentTable="AD_Element"/>
            <trl Name="Processed" Description="" Help="" PrintName="Processed" PO_Description="" PO_Help="" PO_Name="" PO_PrintName="" AD_Language="fr_FR" IsActive="true" IsTranslated="false" ParentTable="AD_Element"/>
            <trl Name="Processed" Description="" Help="" PrintName="Processed" PO_Description="" PO_Help="" PO_Name="" PO_PrintName="" AD_Language="de_DE" IsActive="true" IsTranslated="false" ParentTable="AD_Element"/>
        </element>
        <column AD_Column_ID="83737" ADColumnNameID="Processed" ADProcessNameID="" ADElementNameID="Processed" ADReferenceNameID="Yes-No" ADReferenceNameValueID="" ADTableNameID="DD_Freight" ADValRuleNameID="" Callout="" ColumnSQL="" ColumnName="Processed" DefaultValue="N" Description="The document has been processed" EntityType="EE03" FieldLength="1" Help="The Processed checkbox indicates that a document has been processed." isAlwaysUpdateable="false" isIdentifier="false" isKey="false" isMandatory="true" isParent="false" isSelectionColumn="false" isActive="true" isTranslated="false" isUpdateable="true" Name="Processed" getIsSyncDatabase="Y" ReadOnlyLogic="" SeqNo="0" VFormat="" ValueMax="" ValueMin="" Version="1" InfoFactoryClass=""/>
        <element AD_Element_ID="351" IsActive="true" ColumnName="IsApproved" Description="Indicates if this document requires approval" EntityType="D" Help="The Approved checkbox indicates if this document requires approval before it can be processed." Name="Approved" PrintName="Approved" PO_Description="" PO_Name="" PO_Help="" PO_PrintName="">
            <trl Name="Aprobación" Description="Indica si este documento requiere aprobación" Help="El Cuadro de Verificación  Aprobado indica si este documento requiere aprobación antes de que pueda ser procesado" PrintName="Aprobado" PO_Description="" PO_Help="" PO_Name="" PO_PrintName="" AD_Language="es_MX" IsActive="true" IsTranslated="false" ParentTable="AD_Element"/>
            <trl Name="Approvato" Description="Indica se questo Documento richiede un'approvazione" Help="Se spuntato indica che questo Documento richiede una approvazione prima che venga elaborato." PrintName="Approvato" PO_Description="" PO_Help="" PO_Name="" PO_PrintName="" AD_Language="it_IT" IsActive="true" IsTranslated="false" ParentTable="AD_Element"/>
            <trl Name="Approved" Description="" Help="" PrintName="Approved" PO_Description="" PO_Help="" PO_Name="" PO_PrintName="" AD_Language="fr_FR" IsActive="true" IsTranslated="false" ParentTable="AD_Element"/>
            <trl Name="Approved" Description="" Help="" PrintName="Approved" PO_Description="" PO_Help="" PO_Name="" PO_PrintName="" AD_Language="de_DE" IsActive="true" IsTranslated="false" ParentTable="AD_Element"/>
        </element>
        <column AD_Column_ID="83738" ADColumnNameID="IsApproved" ADProcessNameID="" ADElementNameID="IsApproved" ADReferenceNameID="Yes-No" ADReferenceNameValueID="" ADTableNameID="DD_Freight" ADValRuleNameID="" Callout="" ColumnSQL="" ColumnName="IsApproved" DefaultValue="N" Description="Indicates if this document requires approval" EntityType="EE03" FieldLength="1" Help="The Approved checkbox indicates if this document requires approval before it can be processed." isAlwaysUpdateable="false" isIdentifier="false" isKey="false" isMandatory="true" isParent="false" isSelectionColumn="false" isActive="true" isTranslated="false" isUpdateable="true" Name="Approved" getIsSyncDatabase="Y" ReadOnlyLogic="" SeqNo="0" VFormat="" ValueMax="" ValueMin="" Version="1" InfoFactoryClass=""/>
        <element AD_Element_ID="275" IsActive="true" ColumnName="Description" Description="Optional short description of the record" EntityType="D" Help="A description is limited to 255 characters." Name="Description" PrintName="Description" PO_Description="" PO_Name="" PO_Help="" PO_PrintName="">
            <trl Name="Descripción" Description="Descripción corta opcional del registro" Help="Una descripción esta limitada a 255 caracteres" PrintName="Descripción" PO_Description="" PO_Help="" PO_Name="" PO_PrintName="" AD_Language="es_MX" IsActive="true" IsTranslated="false" ParentTable="AD_Element"/>
            <trl Name="Descrizione" Description="Una descrizione, breve ed opzionale, del record" Help="La descrizione è limitata a 255 caratteri." PrintName="Descrizione" PO_Description="" PO_Help="" PO_Name="" PO_PrintName="" AD_Language="it_IT" IsActive="true" IsTranslated="false" ParentTable="AD_Element"/>
            <trl Name="Description" Description="" Help="" PrintName="Description" PO_Description="" PO_Help="" PO_Name="" PO_PrintName="" AD_Language="fr_FR" IsActive="true" IsTranslated="false" ParentTable="AD_Element"/>
            <trl Name="Description" Description="" Help="" PrintName="Description" PO_Description="" PO_Help="" PO_Name="" PO_PrintName="" AD_Language="de_DE" IsActive="true" IsTranslated="false" ParentTable="AD_Element"/>
        </element>
        <reference AD_Reference_ID="14" name="Text" Description="Character String up to 2000 characters" EntityType="D" Help="" Name="Text" isActive="true" VFormat="" ValidationType="D"/>
        <column AD_Column_ID="83739" ADColumnNameID="Description" ADProcessNameID="" ADElementNameID="Description" ADReferenceNameID="Text" ADReferenceNameValueID="" ADTableNameID="DD_Freight" ADValRuleNameID="" Callout="" ColumnSQL="" ColumnName="Description" DefaultValue="" Description="Optional short description of the record" EntityType="EE03" FieldLength="1" Help="A description is limited to 255 characters." isAlwaysUpdateable="true" isIdentifier="false" isKey="false" isMandatory="false" isParent="false" isSelectionColumn="false" isActive="true" isTranslated="false" isUpdateable="true" Name="Description" getIsSyncDatabase="Y" ReadOnlyLogic="" SeqNo="0" VFormat="" ValueMax="" ValueMin="" Version="1" InfoFactoryClass=""/>
        <element AD_Element_ID="287" IsActive="true" ColumnName="DocAction" Description="The targeted status of the document" EntityType="D" Help="You find the current status in the Document Status field. The options are listed in a popup" Name="Document Action" PrintName="Doc Action" PO_Description="" PO_Name="" PO_Help="" PO_PrintName="">
            <trl Name="Acción en el Documento" Description="El estado destino del documento" Help="Usted encuentra el estado actual en el campo Estado del Documento" PrintName="Acción en el Documento" PO_Description="" PO_Help="" PO_Name="" PO_PrintName="" AD_Language="es_MX" IsActive="true" IsTranslated="false" ParentTable="AD_Element"/>
            <trl Name="Azione sul Documento" Description="Azione che modifica lo stato del documento" Help="Le azioni modificano lo Stato del Documento, lo stato attuale è visualizzato nel campo omonimo, Le azioni possibili vengono elencate in una finestra popup." PrintName="Azione sul documento" PO_Description="" PO_Help="" PO_Name="" PO_PrintName="" AD_Language="it_IT" IsActive="true" IsTranslated="false" ParentTable="AD_Element"/>
            <trl Name="Document Action" Description="" Help="" PrintName="Doc Action" PO_Description="" PO_Help="" PO_Name="" PO_PrintName="" AD_Language="fr_FR" IsActive="true" IsTranslated="false" ParentTable="AD_Element"/>
            <trl Name="Document Action" Description="" Help="" PrintName="Doc Action" PO_Description="" PO_Help="" PO_Name="" PO_PrintName="" AD_Language="de_DE" IsActive="true" IsTranslated="false" ParentTable="AD_Element"/>
        </element>
        <reference AD_Reference_ID="28" name="Button" Description="Command Button - starts a process" EntityType="D" Help="" Name="Button" isActive="true" VFormat="" ValidationType="D"/>
        <reference AD_Reference_ID="135" name="_Document Action" Description="Document action list" EntityType="D" Help="" Name="_Document Action" isActive="true" VFormat="LL" ValidationType="L">
            <referencelist AD_Ref_List_ID="189" ADReflistNameID="&lt;None&gt;" ADRefenceNameID="_Document Action" Description="No action" EntityType="D" Name="&lt;None&gt;" isActive="true" Value="--"/>
            <referencelist AD_Ref_List_ID="179" ADReflistNameID="Approve" ADRefenceNameID="_Document Action" Description="Approve this transaction" EntityType="D" Name="Approve" isActive="true" Value="AP"/>
            <referencelist AD_Ref_List_ID="183" ADReflistNameID="Close" ADRefenceNameID="_Document Action" Description="Finally close this transaction. It cannot be re-activated." EntityType="D" Name="Close" isActive="true" Value="CL"/>
            <referencelist AD_Ref_List_ID="178" ADReflistNameID="Complete" ADRefenceNameID="_Document Action" Description="Generate documents and complete transaction" EntityType="D" Name="Complete" isActive="true" Value="CO"/>
            <referencelist AD_Ref_List_ID="187" ADReflistNameID="Invalidate" ADRefenceNameID="_Document Action" Description="Invalidate Document" EntityType="D" Name="Invalidate" isActive="true" Value="IN"/>
            <referencelist AD_Ref_List_ID="181" ADReflistNameID="Post" ADRefenceNameID="_Document Action" Description="Post transaction" EntityType="D" Name="Post" isActive="true" Value="PO"/>
            <referencelist AD_Ref_List_ID="345" ADReflistNameID="Prepare" ADRefenceNameID="_Document Action" Description="Check Document conistency and check Inventory" EntityType="D" Name="Prepare" isActive="true" Value="PR"/>
            <referencelist AD_Ref_List_ID="185" ADReflistNameID="Reverse - Accrual" ADRefenceNameID="_Document Action" Description="Reverse by switching Dr/Cr with current date" EntityType="D" Name="Reverse - Accrual" isActive="true" Value="RA"/>
            <referencelist AD_Ref_List_ID="184" ADReflistNameID="Reverse - Correct" ADRefenceNameID="_Document Action" Description="Reverse Transaction (correction) by reversing sign with same date" EntityType="D" Name="Reverse - Correct" isActive="true" Value="RC"/>
            <referencelist AD_Ref_List_ID="188" ADReflistNameID="Re-activate" ADRefenceNameID="_Document Action" Description="Reopen Document and Reverse automaticly generated documents; You need to Complete the transaction after the change. " EntityType="D" Name="Re-activate" isActive="true" Value="RE"/>
            <referencelist AD_Ref_List_ID="180" ADReflistNameID="Reject" ADRefenceNameID="_Document Action" Description="Reject the approval of the document. " EntityType="D" Name="Reject" isActive="true" Value="RJ"/>
            <referencelist AD_Ref_List_ID="182" ADReflistNameID="Void" ADRefenceNameID="_Document Action" Description="Set all quantities to zero and complete transaction" EntityType="D" Name="Void" isActive="true" Value="VO"/>
            <referencelist AD_Ref_List_ID="691" ADReflistNameID="Wait Complete" ADRefenceNameID="_Document Action" Description="Wait Condition ok Complete Docuement" EntityType="D" Name="Wait Complete" isActive="true" Value="WC"/>
            <referencelist AD_Ref_List_ID="347" ADReflistNameID="Unlock" ADRefenceNameID="_Document Action" Description="Unlock Transaction (process error)" EntityType="D" Name="Unlock" isActive="true" Value="XL"/>
        </reference>
        <workflow AD_Workflow_ID="50057" Value="Process_Order Freight" Name="Process_Order Freight" ADTableNameID="DD_Freight" ADWorkflowNodeNameID="(Start)" ADWorkflowResponsibleNameID="" ADWorkflowProcessorNameID="" isBetaFunctionality="false" AccessLevel="3" DurationUnit="D" Help="" Description="(Standard Process_Order Freight)" EntityType="EE03" Author="ADempiere" Version="0" Priority="0" Limit="0" Duration="1" Cost="0" WorkingTime="0" WaitingTime="0" PublishStatus="T" WorkflowType="P" DocValueLogic="" isValid="true">
            <workflowNode AD_WF_Node_ID="50251" Value="(Start)" Name="(Start)" ADWorkflowNameID="Process_Order Freight" ADWindowNameID="" ADTaskNameID="" ADProcessNameID="" ADFormNameID="" ADWorkflowBlockNameID="" ADWorkflowResponsibleNameID="" ADImageNameID="" WorkflowNameID="" ADColumnNameID="" isActive="true" Description="Process_Order Freight" Help="" isCentrallyMaintained="false" Action="Z" EntityType="EE03" XPosition="0" YPosition="0" SubflowExecution="" StartMode="" Priority="0" Duration="0" Cost="0" WorkingTime="0" WaitingTime="0" JoinElement="X" SplitElement="X" WaitTime="0" AttributeName="" AttributeValue="" DocAction="CO" DynPriorityUnit="" DynPriorityChange="0"/>
            <workflowNodeNext AD_WF_NodeNext_ID="50194" ADWorkflowNameID="Process_Order Freight" ADWorkflowNodeNameID="(Start)" ADWorkflowNodeNextNameID="(DocPrepare)" isActive="true" EntityType="EE03" Description="" SeqNo="10" IsStdUserWorkflow="true"/>
            <workflowNodeNext AD_WF_NodeNext_ID="50195" ADWorkflowNameID="Process_Order Freight" ADWorkflowNodeNameID="(Start)" ADWorkflowNodeNextNameID="(DocAuto)" isActive="true" EntityType="EE03" Description="" SeqNo="100" IsStdUserWorkflow="false"/>
            <workflowNode AD_WF_Node_ID="50252" Value="(DocAuto)" Name="(DocAuto)" ADWorkflowNameID="Process_Order Freight" ADWindowNameID="" ADTaskNameID="" ADProcessNameID="" ADFormNameID="" ADWorkflowBlockNameID="" ADWorkflowResponsibleNameID="" ADImageNameID="" WorkflowNameID="" ADColumnNameID="" isActive="true" Description="Process_Order Freight" Help="" isCentrallyMaintained="false" Action="D" EntityType="EE03" XPosition="0" YPosition="0" SubflowExecution="" StartMode="" Priority="0" Duration="0" Cost="0" WorkingTime="0" WaitingTime="0" JoinElement="X" SplitElement="X" WaitTime="0" AttributeName="" AttributeValue="" DocAction="--" DynPriorityUnit="" DynPriorityChange="0"/>
            <workflowNode AD_WF_Node_ID="50253" Value="(DocPrepare)" Name="(DocPrepare)" ADWorkflowNameID="Process_Order Freight" ADWindowNameID="" ADTaskNameID="" ADProcessNameID="" ADFormNameID="" ADWorkflowBlockNameID="" ADWorkflowResponsibleNameID="" ADImageNameID="" WorkflowNameID="" ADColumnNameID="" isActive="true" Description="Process_Order Freight" Help="" isCentrallyMaintained="false" Action="D" EntityType="EE03" XPosition="0" YPosition="0" SubflowExecution="" StartMode="" Priority="0" Duration="0" Cost="0" WorkingTime="0" WaitingTime="0" JoinElement="X" SplitElement="X" WaitTime="0" AttributeName="" AttributeValue="" DocAction="PR" DynPriorityUnit="" DynPriorityChange="0"/>
            <workflowNodeNext AD_WF_NodeNext_ID="50196" ADWorkflowNameID="Process_Order Freight" ADWorkflowNodeNameID="(DocPrepare)" ADWorkflowNodeNextNameID="(DocComplete)" isActive="true" EntityType="EE03" Description="" SeqNo="100" IsStdUserWorkflow="false"/>
            <workflowNode AD_WF_Node_ID="50254" Value="(DocComplete)" Name="(DocComplete)" ADWorkflowNameID="Process_Order Freight" ADWindowNameID="" ADTaskNameID="" ADProcessNameID="" ADFormNameID="" ADWorkflowBlockNameID="" ADWorkflowResponsibleNameID="" ADImageNameID="" WorkflowNameID="" ADColumnNameID="" isActive="true" Description="Process_Order Freight" Help="" isCentrallyMaintained="false" Action="D" EntityType="EE03" XPosition="0" YPosition="0" SubflowExecution="" StartMode="" Priority="0" Duration="0" Cost="0" WorkingTime="0" WaitingTime="0" JoinElement="X" SplitElement="X" WaitTime="0" AttributeName="" AttributeValue="" DocAction="CO" DynPriorityUnit="" DynPriorityChange="0"/>
        </workflow>
        <process AD_Process_ID="53954" Name="Process Order Freight" ADWorkflowNameID="Process_Order Freight" ADProcessNameID="Process Order Freight" ADPrintFormatNameID="" ADReportViewNameID="" AccessLevel="3" Classname="" Description="" EntityType="EE03" Help="" isBetaFunctionality="false" isDirectPrint="false" isReport="false" isActive="true" ProcedureName="" StatisticCount="0" StatisticSeconds="0" Value="DD_Freight_Process" WorkflowValue="" ShowHelp="Y" JasperReport=""/>
        <column AD_Column_ID="83740" ADColumnNameID="DocAction" ADProcessNameID="DD_Freight_Process" ADElementNameID="DocAction" ADReferenceNameID="Button" ADReferenceNameValueID="_Document Action" ADTableNameID="DD_Freight" ADValRuleNameID="" Callout="" ColumnSQL="" ColumnName="DocAction" DefaultValue="DR" Description="The targeted status of the document" EntityType="EE03" FieldLength="2" Help="You find the current status in the Document Status field. The options are listed in a popup" isAlwaysUpdateable="false" isIdentifier="false" isKey="false" isMandatory="true" isParent="false" isSelectionColumn="false" isActive="true" isTranslated="false" isUpdateable="true" Name="Document Action" getIsSyncDatabase="Y" ReadOnlyLogic="" SeqNo="0" VFormat="" ValueMax="" ValueMin="" Version="1" InfoFactoryClass=""/>
        <element AD_Element_ID="187" IsActive="true" ColumnName="C_BPartner_ID" Description="Identifies a Business Partner" EntityType="D" Help="A Business Partner is anyone with whom you transact.  This can include Vendor, Customer, Employee or Salesperson" Name="Business Partner " PrintName="Business Partner " PO_Description="" PO_Name="" PO_Help="" PO_PrintName="">
            <trl Name="Socio de Negocio" Description="Identifica un Socio de Negocio" Help="Un socio de negocio es cualquiera con quien usted realiza transacciones. Este puede incluir Proveedores; Clientes; Empleados ó Vendedores." PrintName="Socio de Negocio" PO_Description="" PO_Help="" PO_Name="" PO_PrintName="" AD_Language="es_MX" IsActive="true" IsTranslated="false" ParentTable="AD_Element"/>
            <trl Name="Business Partner " Description="Identifica un Business Partner" Help="Un Business Partner è qualunque soggetto con cui si hanno rapporti. Questo include Fornitori, Clienti, Dipendenti o Agenti." PrintName="Business Partner " PO_Description="" PO_Help="" PO_Name="" PO_PrintName="" AD_Language="it_IT" IsActive="true" IsTranslated="false" ParentTable="AD_Element"/>
            <trl Name="Business Partner " Description="" Help="" PrintName="Business Partner " PO_Description="" PO_Help="" PO_Name="" PO_PrintName="" AD_Language="fr_FR" IsActive="true" IsTranslated="false" ParentTable="AD_Element"/>
            <trl Name="Business Partner " Description="" Help="" PrintName="Business Partner " PO_Description="" PO_Help="" PO_Name="" PO_PrintName="" AD_Language="de_DE" IsActive="true" IsTranslated="false" ParentTable="AD_Element"/>
        </element>
        <reference AD_Reference_ID="30" name="Search" Description="Search Field" EntityType="D" Help="" Name="Search" isActive="true" VFormat="" ValidationType="D"/>
        <column AD_Column_ID="83741" ADColumnNameID="C_BPartner_ID" ADProcessNameID="" ADElementNameID="C_BPartner_ID" ADReferenceNameID="Search" ADReferenceNameValueID="" ADTableNameID="DD_Freight" ADValRuleNameID="" Callout="" ColumnSQL="" ColumnName="C_BPartner_ID" DefaultValue="" Description="Identifies a Business Partner" EntityType="EE03" FieldLength="22" Help="A Business Partner is anyone with whom you transact.  This can include Vendor, Customer, Employee or Salesperson" isAlwaysUpdateable="false" isIdentifier="false" isKey="false" isMandatory="false" isParent="false" isSelectionColumn="false" isActive="true" isTranslated="false" isUpdateable="true" Name="Business Partner " getIsSyncDatabase="Y" ReadOnlyLogic="" SeqNo="0" VFormat="" ValueMax="" ValueMin="" Version="0" InfoFactoryClass=""/>
        <element AD_Element_ID="1490" IsActive="true" ColumnName="CreateFrom" Description="Process which will generate a new document lines based on an existing document" EntityType="NECTOSOFT" Help="The Create From process will create a new document based on information in an existing document selected by the user." Name="Create lines from" PrintName="Create lines from" PO_Description="" PO_Name="" PO_Help="" PO_PrintName="">
            <trl Name="Crear Desde" Description="Proceso que generarÃ¡ un nuevo documento" Help="El proceso crear desde crearÃ¡ un nuevo documento basado en informaciÃ³n de un documento existente seleccionado por el usuario" PrintName="Crear Desde" PO_Description="" PO_Help="" PO_Name="" PO_PrintName="" AD_Language="es_MX" IsActive="true" IsTranslated="false" ParentTable="AD_Element"/>
            <trl Name="Crea Linee Da" Description="Processo che genererÃÂ  nuove linee del Documento sulla base uno esistente" Help="Crea Linee Da ÃÂ¨ un processo che genera nuove righe del Documento sulla base di quelle presenti in un altro giÃÂ  esistente, selezionato dall'Utente." PrintName="Crea Linee Da" PO_Description="" PO_Help="" PO_Name="" PO_PrintName="" AD_Language="it_IT" IsActive="true" IsTranslated="false" ParentTable="AD_Element"/>
            <trl Name="Create lines from" Description="" Help="" PrintName="Create lines from" PO_Description="" PO_Help="" PO_Name="" PO_PrintName="" AD_Language="fr_FR" IsActive="true" IsTranslated="false" ParentTable="AD_Element"/>
            <trl Name="Create lines from" Description="" Help="" PrintName="Create lines from" PO_Description="" PO_Help="" PO_Name="" PO_PrintName="" AD_Language="de_DE" IsActive="true" IsTranslated="false" ParentTable="AD_Element"/>
        </element>
        <process Name="FreighOrderCreateLines" ADWorkflowNameID="" ADProcessNameID="FreighOrderCreateLines" ADPrintFormatNameID="" ADReportViewNameID="" AccessLevel="3" Classname="" Description="" EntityType="U" Help="" isBetaFunctionality="false" isDirectPrint="false" isReport="false" isActive="true" ProcedureName="" StatisticCount="0" StatisticSeconds="0" Value="10000003" WorkflowValue="" ShowHelp="Y" JasperReport=""/>
        <column ADColumnNameID="CreateFrom" ADProcessNameID="10000003" ADElementNameID="CreateFrom" ADReferenceNameID="Button" ADReferenceNameValueID="" ADTableNameID="DD_Freight" ADValRuleNameID="" Callout="" ColumnSQL="" ColumnName="CreateFrom" DefaultValue="" Description="Process which will generate a new document lines based on an existing document" EntityType="EE03" FieldLength="1" Help="The Create From process will create a new document based on information in an existing document selected by the user." isAlwaysUpdateable="false" isIdentifier="false" isKey="false" isMandatory="false" isParent="false" isSelectionColumn="false" isActive="true" isTranslated="false" isUpdateable="true" Name="Create lines from" getIsSyncDatabase="Y" ReadOnlyLogic="" SeqNo="0" VFormat="" ValueMax="" ValueMin="" Version="0" InfoFactoryClass=""/>
    </table>
</adempiereAD>
